"","ownership_dummy","version","prop_a_dummy","prop_d_dummy","prop_f_dummy","prop_i_dummy","ten_plan_dummy","prop_i_ban_dummy","ideology_num","income_num","white_dummy","age","gender_dummy"
"1",1,1,1,1,1,1,1,1,3,NA,0,NA,NA
"2",1,1,1,1,1,1,1,1,6,4,1,54,0
"3",1,2,NA,NA,NA,NA,1,NA,6,NA,1,64,1
"4",1,3,0,1,0,1,0,1,NA,NA,0,NA,NA
"5",1,3,0,0,1,0,0,0,5,5,1,65,1
"6",1,4,1,NA,1,0,0,1,3,5,0,NA,NA
"7",1,4,0,0,1,1,0,1,4,5,1,40,0
"8",1,5,1,1,0,0,1,0,1,6,0,26,1
"9",1,5,1,1,1,1,1,1,5,4,1,64,0
"10",1,6,0,0,1,1,0,1,5,5,1,56,0
"11",1,6,1,1,0,0,1,1,4,3,1,63,0
"12",1,1,0,0,1,1,1,1,6,4,1,61,0
"13",1,1,1,0,1,1,1,1,6,6,1,36,0
"14",1,1,1,1,NA,0,1,0,6,5,1,41,NA
"15",1,1,0,0,0,1,NA,1,6,5,1,46,1
"16",1,1,0,1,0,0,0,0,4,5,1,41,0
"17",1,2,1,0,0,0,0,0,4,4,1,61,0
"18",1,2,0,0,0,0,0,0,4,6,1,41,0
"19",1,2,0,0,0,1,1,1,6,6,1,41,1
"20",1,2,1,1,0,0,1,0,5,6,0,38,1
"21",1,2,1,1,0,0,1,0,5,6,0,39,1
"22",1,3,1,1,1,1,0,1,6,5,1,32,1
"23",1,3,0,0,0,0,NA,1,4,5,1,39,0
"24",1,3,0,0,0,0,0,0,4,4,0,40,1
"25",1,3,0,0,1,1,NA,NA,4,5,0,NA,1
"26",1,3,1,1,0,0,NA,0,6,5,1,55,1
"27",1,4,1,1,0,0,NA,0,6,4,0,38,1
"28",1,4,0,1,1,0,0,0,4,3,1,46,1
"29",1,4,1,1,0,0,0,0,6,5,1,39,0
"30",1,4,1,1,1,0,NA,0,6,6,1,40,1
"31",1,4,NA,NA,NA,NA,NA,NA,6,6,1,42,1
"32",1,5,1,1,0,0,1,1,6,5,1,55,0
"33",1,5,NA,NA,NA,NA,NA,NA,7,2,1,72,0
"34",1,5,1,1,1,1,NA,1,6,3,1,23,0
"35",1,6,1,1,1,0,1,0,4,5,1,60,1
"36",1,6,1,0,1,1,NA,1,7,1,0,24,1
"37",1,6,1,1,0,0,1,0,6,6,1,44,1
"38",1,6,1,1,0,0,1,0,6,5,1,46,0
"39",1,4,1,1,1,1,0,1,4,3,0,76,1
"40",1,5,NA,NA,NA,NA,NA,NA,4,4,1,NA,1
"41",1,1,1,1,0,0,NA,0,4,5,1,23,0
"42",1,1,1,0,1,0,NA,NA,5,5,1,71,0
"43",1,2,1,1,NA,0,1,0,5,2,1,53,0
"44",1,2,1,0,1,0,NA,NA,6,4,1,71,1
"45",1,3,1,1,1,1,0,0,5,6,1,74,1
"46",1,3,1,1,1,0,NA,0,5,5,1,48,1
"47",1,3,1,1,1,1,0,1,6,1,0,39,0
"48",1,3,0,0,1,1,NA,1,6,6,1,44,0
"49",1,3,1,0,1,1,0,1,7,5,1,55,0
"50",1,4,1,1,0,0,0,1,6,1,0,33,1
"51",1,4,1,0,1,1,0,1,7,5,1,45,1
"52",1,5,NA,1,1,0,NA,0,5,5,1,NA,1
"53",1,5,0,0,1,0,1,0,5,6,1,60,1
"54",1,6,1,1,1,0,NA,0,4.5,5,1,67,0
"55",1,6,0,1,1,0,NA,0,4,4,1,82,1
"56",1,6,0,0,1,0,NA,0,5,6,1,46,1
"57",1,1,0,0,1,0,0,0,4,6,1,NA,1
"58",1,1,1,0,1,1,1,1,NA,NA,0,NA,NA
"59",1,3,1,1,1,1,1,1,4,5,1,61,1
"60",1,3,1,1,1,0,NA,0,5,4,1,51,1
"61",1,3,1,1,1,1,0,1,6,4,1,68,1
"62",1,4,1,1,1,1,0,1,4,NA,1,NA,0
"63",1,4,1,0,1,1,0,0,7,3,1,75,0
"64",1,4,0,0,1,0,0,0,5,5,1,43,0
"65",1,5,1,1,0,1,1,1,NA,NA,0,NA,NA
"66",1,5,1,1,0,1,1,1,NA,NA,0,NA,NA
"67",1,6,0,0,1,1,1,1,5,3,0,59,1
"68",1,6,1,1,0,1,0,1,2,NA,0,73,1
"69",1,1,1,1,0,0,NA,0,5,5,1,34,1
"70",1,1,1,1,0,0,1,NA,5,5,1,43,0
"71",1,1,NA,0,1,NA,1,NA,6,NA,1,37,0
"72",1,1,0,1,0,0,0,0,3,5,1,67,1
"73",1,2,NA,NA,NA,NA,NA,NA,7,5,1,40,1
"74",1,2,0,0,0,0,0,NA,NA,NA,0,NA,NA
"75",1,2,1,1,0,1,1,1,5,2,0,50,0
"76",1,2,1,1,0,0,1,0,4,6,1,38,0
"77",1,2,1,1,0,0,1,0,7,5,0,NA,0
"78",1,2,1,1,0,1,NA,1,5,5,1,51,1
"79",1,2,1,1,0,0,0,NA,5,NA,1,35,0
"80",1,3,1,1,0,1,0,1,7,5,1,45,1
"81",1,3,1,1,0,0,NA,0,5,5,1,56,1
"82",1,3,1,1,0,1,0,1,7,5,1,59,1
"83",1,3,1,1,0,0,0,0,6,5,1,33,1
"84",1,3,1,0,0,0,0,1,7,5,0,54,0
"85",1,3,0,1,0,0,1,0,7,5,1,38,1
"86",1,4,1,1,1,1,0,1,6,4,1,44,0
"87",1,4,1,1,0,0,0,0,5,3,1,63,1
"88",1,4,0,0,0,1,0,1,5,1,1,48,1
"89",1,4,1,1,0,0,0,0,6,5,1,71,1
"90",1,4,1,1,0,0,0,NA,6,NA,1,66,1
"91",1,5,1,1,0,0,0,0,5,1,1,56,1
"92",1,5,0,1,NA,0,1,1,4,4,1,68,1
"93",1,5,1,0,1,0,0,1,4,5,1,41,1
"94",1,5,1,1,0,0,1,0,7,6,1,37,0
"95",1,6,0,0,1,1,1,1,7,2,1,64,0
"96",1,6,1,1,1,1,NA,NA,6,3,0,39,0
"97",1,6,1,0,0,1,1,1,4,5,1,52,1
"98",1,6,0,0,0,0,1,0,4,6,0,40,0
"99",1,6,1,1,0,0,1,1,5,5,1,35,0
"100",1,1,1,1,0,1,1,NA,7,5,1,54,0
"101",1,1,1,1,1,0,NA,0,5,4,1,53,1
"102",1,1,1,1,1,1,NA,NA,5,4,1,45,0
"103",1,1,1,1,0,0,NA,0,3,5,1,54,1
"104",1,1,0,0,0,0,NA,NA,NA,NA,0,NA,NA
"105",1,1,1,1,0,0,NA,0,6,6,0,31,1
"106",1,2,1,1,0,0,1,0,5,6,1,28,0
"107",1,2,1,1,1,1,1,1,5,6,1,45,1
"108",1,2,1,1,0,1,1,1,6,5,1,58,1
"109",1,2,1,1,0,0,1,NA,6,5,1,34,0
"110",1,2,0,0,1,1,1,1,7,5,1,50,1
"111",1,2,NA,NA,0,NA,1,NA,6,3,0,38,0
"112",1,2,1,1,1,0,1,0,6,4,1,32,1
"113",1,3,1,1,1,1,0,NA,6,3,1,55,1
"114",1,3,1,1,0,0,1,0,5,5,0,57,1
"115",1,4,1,1,1,1,0,NA,6,4,1,34,1
"116",1,4,1,0,1,1,0,1,6,3,1,79,1
"117",1,4,0,0,1,1,NA,1,5,6,0,43,1
"118",1,5,1,1,1,1,NA,1,6,4,1,44,0
"119",1,5,0,0,0,1,1,1,7,3,0,49,0
"120",1,5,NA,NA,NA,NA,NA,NA,6,4,1,28,1
"121",1,5,1,1,0,0,1,0,5,6,0,41,1
"122",1,5,1,1,0,0,1,0,7,6,1,43,1
"123",1,5,0,0,0,0,0,0,4,3,0,60,1
"124",1,5,1,1,0,0,NA,0,5,5,1,55,1
"125",1,5,0,1,0,0,NA,0,5,5,0,18,1
"126",1,5,1,NA,0,1,1,1,6,5,0,53,1
"127",1,6,1,1,0,1,NA,NA,5,5,1,47,0
"128",1,6,1,1,1,NA,1,NA,6,NA,1,50,1
"129",1,6,1,1,1,1,0,1,6,3,1,NA,0
"130",1,6,NA,NA,NA,NA,1,0,4,4,1,58,1
"131",1,6,0,1,1,1,0,1,5,5,1,66,1
"132",1,6,1,1,0,0,1,0,7,5,1,30,0
"133",1,6,1,1,0,0,1,0,6,5,0,30,0
"134",1,6,0,1,0,0,NA,NA,6,3,0,58,1
"135",1,6,NA,NA,NA,NA,NA,NA,6,5,1,54,1
"136",1,1,1,0,0,1,1,1,7,2,0,64,0
"137",1,1,1,1,1,1,1,1,6,5,1,38,1
"138",1,2,1,1,0,0,1,0,6,5,0,51,1
"139",1,2,1,1,0,0,1,NA,5,5,0,35,1
"140",1,2,1,1,1,1,1,1,5,5,1,49,1
"141",1,3,NA,1,0,NA,NA,NA,NA,NA,0,NA,NA
"142",1,3,0,1,1,0,1,0,4,6,1,NA,1
"143",1,4,1,1,0,1,0,1,6,4,1,35,1
"144",1,4,1,1,1,1,0,1,6,5,1,59,1
"145",1,4,0,1,0,0,1,0,4,5,1,39,1
"146",1,6,1,1,1,0,1,0,5,5,1,48,1
"147",1,1,1,0,1,1,1,1,6,3,1,73,0
"148",1,2,0,1,1,1,0,1,6,4,1,74,1
"149",1,3,1,1,1,1,0,1,6,NA,0,47,0
"150",1,4,0,1,1,0,0,0,4,6,0,41,1
"151",1,5,1,1,0,0,1,0,6,6,1,34,1
"152",1,6,1,1,0,NA,1,NA,6,4,1,69,1
"153",1,1,1,1,1,0,1,0,5,3,1,25,1
"154",1,2,NA,1,0,0,0,0,6,4,1,NA,1
"155",1,4,1,0,0,0,NA,0,6,5,1,47,1
"156",1,5,1,1,0,1,NA,1,7,4,0,48,0
"157",1,5,1,1,0,0,1,0,2,1,1,36,0
"158",1,6,1,1,0,NA,1,0,3,3,0,47,NA
"159",1,6,1,1,0,1,0,1,6,5,0,29,1
"160",1,1,1,1,0,0,1,0,5,5,1,42,1
"161",1,1,1,0,0,1,1,1,7,5,1,52,0
"162",1,2,1,1,0,0,1,0,5,6,0,51,1
"163",1,2,0,1,0,0,1,0,4,6,1,41,1
"164",1,2,1,1,0,0,1,0,5,6,1,40,1
"165",1,3,0,0,1,0,NA,0,7,3,1,66,1
"166",1,3,0,0,0,1,0,1,4,4,0,49,0
"167",1,3,NA,NA,NA,NA,NA,NA,NA,3,1,44,1
"168",1,3,NA,1,0,0,0,0,7,1,1,50,0
"169",1,3,1,1,0,1,NA,1,7,2,1,44,0
"170",1,3,1,1,1,0,0,NA,6,2,1,59,0
"171",1,3,1,0,0,0,NA,0,7,6,0,46,1
"172",1,4,1,1,0,0,1,0,6,5,1,41,1
"173",1,4,1,NA,1,1,0,1,7,2,1,69,0
"174",1,4,NA,NA,NA,NA,NA,NA,6,4,1,45,0
"175",1,4,1,0,0,0,0,0,6,6,1,46,0
"176",1,5,1,1,0,1,1,1,6,4,1,49,0
"177",1,6,1,1,1,1,NA,1,NA,NA,0,NA,NA
"178",1,6,1,1,0,0,1,0,5,6,1,38,0
"179",1,6,0,1,0,0,NA,0,3,6,0,43,0
"180",1,1,1,1,NA,1,NA,1,NA,2,0,NA,NA
"181",1,1,1,1,NA,NA,1,NA,6,3,0,40,1
"182",1,1,1,1,1,0,1,0,6,5,1,68,1
"183",1,1,0,1,0,0,0,0,3,6,1,39,1
"184",1,2,1,1,0,0,1,0,6,2,1,30,1
"185",1,2,0,0,0,1,1,1,5,3,1,66,0
"186",1,2,0,1,0,1,1,1,6,3,1,42,0
"187",1,3,1,0,1,1,0,1,6,5,1,29,1
"188",1,3,0,1,NA,1,NA,NA,NA,3,0,NA,NA
"189",1,3,1,0,1,1,0,1,6,3,1,62,0
"190",1,3,1,0,1,1,0,1,6,1,1,28,0
"191",1,3,NA,1,1,NA,NA,NA,NA,NA,0,NA,NA
"192",1,3,0,1,0,1,0,1,6,2,1,48,1
"193",1,4,1,1,1,1,0,1,6,2,1,31,0
"194",1,4,1,1,1,1,NA,NA,NA,NA,0,NA,NA
"195",1,4,1,1,0,0,0,0,4,4,0,74,1
"196",1,4,1,0,1,1,0,NA,7,4,1,72,0
"197",1,4,1,1,0,0,0,NA,4,3,0,NA,0
"198",1,5,1,1,0,0,1,0,5,4,0,24,1
"199",1,5,1,1,0,1,NA,1,6,3,0,29,0
"200",1,5,0,0,0,0,NA,NA,6,3,0,43,0
"201",1,6,1,1,1,1,NA,1,6,2,1,32,1
"202",1,6,1,1,0,1,0,1,7,4,0,43,1
"203",1,6,NA,NA,NA,NA,NA,NA,7,NA,1,64,0
"204",1,1,1,NA,0,NA,1,0,6,6,1,58,0
"205",1,1,1,0,1,1,1,NA,6,5,1,62,0
"206",1,1,0,1,0,0,NA,NA,5,NA,0,63,0
"207",1,1,0,0,0,0,0,1,4,3,0,59,0
"208",1,1,NA,1,0,0,NA,0,4,4,0,55,1
"209",1,2,1,1,0,0,1,0,4,4,1,62,1
"210",1,2,1,1,0,0,1,0,6,3,1,84,1
"211",1,3,1,1,0,0,NA,NA,5,5,1,54,1
"212",1,3,1,0,0,1,0,0,4,3,1,NA,0
"213",1,3,0,0,0,0,NA,0,6,6,0,41,1
"214",1,3,NA,0,1,1,0,1,7,2,1,47,0
"215",1,3,1,1,0,0,1,0,6,1,1,65,1
"216",1,3,0,1,0,0,NA,0,3,6,0,54,0
"217",1,3,NA,NA,1,1,0,NA,NA,NA,0,NA,0
"218",1,4,1,1,1,1,0,NA,4,1,1,69,1
"219",1,4,1,1,0,0,NA,0,5,5,1,36,0
"220",1,4,1,1,0,1,NA,NA,5,3,1,65,0
"221",1,4,1,1,1,1,NA,1,NA,NA,0,NA,NA
"222",1,4,0,0,0,NA,0,0,3,2,0,30,NA
"223",1,5,1,1,1,1,1,NA,6,3,0,62,1
"224",1,5,NA,NA,NA,NA,NA,NA,2,6,0,65,1
"225",1,5,1,1,0,0,1,0,3,5,1,59,0
"226",1,5,1,1,0,0,1,0,4,3,0,65,1
"227",1,5,1,0,1,1,NA,1,6,3,0,46,1
"228",1,6,NA,NA,0,NA,NA,NA,NA,NA,0,NA,NA
"229",1,6,1,1,0,1,1,NA,7,3,1,47,1
"230",1,6,1,0,0,0,1,1,4,3,1,86,1
"231",1,6,0,0,0,1,NA,1,5,4,1,57,0
"232",1,6,0,0,0,0,1,0,NA,NA,0,NA,NA
"233",1,6,NA,NA,NA,NA,NA,NA,2,1,0,78,0
"234",1,6,0,1,1,0,NA,0,5,3,1,63,0
"235",0,1,0,1,0,1,0,0,NA,NA,0,NA,NA
"236",0,2,0,0,1,0,NA,NA,NA,NA,0,NA,NA
"237",0,2,1,1,0,0,1,0,4,3,0,23,1
"238",0,6,NA,NA,NA,NA,NA,NA,NA,4,1,NA,1
"239",0,1,1,1,1,1,NA,NA,7,1,1,27,0
"240",0,1,1,0,0,0,1,0,5,4,1,70,1
"241",0,1,1,0,1,1,NA,1,5,3,1,45,1
"242",0,1,1,1,0,0,0,0,4,6,1,49,1
"243",0,1,1,0,0,1,1,0,5,5,1,NA,0
"244",0,1,1,1,1,1,1,NA,6,1,1,45,1
"245",0,2,1,1,1,1,1,NA,6,2,0,32,1
"246",0,2,1,0,0,1,1,1,5,5,0,29,0
"247",0,2,1,1,0,1,NA,0,5,5,1,38,1
"248",0,2,1,1,0,0,1,0,7,4,1,44,1
"249",0,2,1,1,0,0,1,0,4,3,1,45,1
"250",0,2,1,0,1,1,NA,1,7,3,0,55,NA
"251",0,2,1,1,1,1,1,NA,NA,4,1,48,1
"252",0,3,1,1,0,0,1,0,5,6,0,32,1
"253",0,3,1,1,0,0,0,1,4,1,1,NA,0
"254",0,3,0,NA,NA,NA,0,0,4,5,1,38,0
"255",0,3,1,0,1,1,0,1,2.5,3,1,45,0
"256",0,3,1,1,0,1,NA,1,6,6,0,47,1
"257",0,3,1,0,0,0,0,0,4,2,0,65,1
"258",0,4,1,0,0,1,0,1,6,5,1,32,1
"259",0,4,1,1,0,1,0,0,7,3,0,26,0
"260",0,4,1,NA,0,0,0,NA,5,4,1,39,0
"261",0,4,1,1,0,1,0,1,NA,NA,0,NA,NA
"262",0,4,1,0,0,0,0,0,2,6,1,53,1
"263",0,4,1,0,0,1,0,1,7,3,0,41,1
"264",0,4,1,1,0,0,0,0,7,5,0,31,1
"265",0,5,1,1,1,0,1,NA,5,4,0,27,0
"266",0,5,1,1,1,0,1,0,7,5,1,31,1
"267",0,5,1,1,1,1,NA,NA,6,2,0,29,1
"268",0,5,1,1,0,1,1,0,4,5,0,31,1
"269",0,5,1,1,0,1,1,0,5,5,1,30,1
"270",0,5,1,1,0,0,1,0,6,2,1,31,1
"271",0,5,NA,NA,1,1,0,1,6,2,1,37,1
"272",0,5,NA,NA,0,0,1,0,5,4,0,22,1
"273",0,5,1,0,1,1,1,1,6,4,1,54,1
"274",0,6,1,1,0,0,NA,0,5,4,1,38,0
"275",0,6,0,0,1,1,0,1,3,1,1,49,0
"276",0,6,1,0,0,1,NA,NA,NA,3,0,71,0
"277",0,6,1,1,1,0,1,0,6,5,1,35,1
"278",0,6,1,1,1,1,0,1,6,2,1,46,0
"279",0,6,1,1,0,0,1,1,NA,NA,0,NA,NA
"280",0,3,NA,1,NA,1,0,1,4,5,0,50,0
"281",0,5,1,1,0,0,NA,NA,NA,NA,0,NA,NA
"282",0,6,1,0,1,1,0,1,4,2,0,42,0
"283",0,6,NA,1,0,NA,NA,NA,NA,NA,0,NA,NA
"284",0,1,1,1,1,1,1,1,7,2,1,61,1
"285",0,1,1,1,0,0,1,0,5,4,1,32,0
"286",0,1,0,1,0,1,1,NA,5,4,0,29,0
"287",0,1,0,0,0,0,0,0,3,5,0,28,1
"288",0,1,1,0,1,1,1,NA,5,4,0,66,1
"289",0,1,1,1,0,1,NA,NA,5,6,1,28,0
"290",0,1,1,1,1,1,1,1,6,3,1,55,1
"291",0,1,1,1,0,0,1,0,5,2,1,32,1
"292",0,1,1,1,0,NA,NA,NA,4,2,1,64,0
"293",0,2,NA,NA,NA,NA,NA,NA,6,3,1,50,1
"294",0,2,1,0,1,0,1,NA,NA,NA,0,NA,NA
"295",0,2,1,1,1,1,1,1,6,2,1,59,1
"296",0,2,0,0,1,1,NA,1,6,3,0,61,1
"297",0,2,1,1,0,0,NA,0,4,5,0,28,0
"298",0,2,1,1,1,0,1,0,7,5,1,38,1
"299",0,2,0,0,1,1,NA,1,4,5,0,NA,0
"300",0,2,1,0,1,1,1,1,4,3,1,50,0
"301",0,3,1,1,0,1,0,1,5,3,1,62,1
"302",0,3,1,1,1,1,0,1,4,4,0,32,1
"303",0,3,1,1,1,1,0,1,4,5,1,33,0
"304",0,3,1,1,1,0,0,0,7,3,1,75,1
"305",0,3,1,1,0,NA,NA,NA,6,4,1,35,0
"306",0,3,1,1,0,0,1,0,5,5,1,29,1
"307",0,4,1,1,0,0,0,NA,6,2,0,60,0
"308",0,4,1,1,1,1,0,NA,7,2,1,72,1
"309",0,4,0,0,1,1,0,1,7,1,1,50,0
"310",0,4,1,1,0,0,NA,0,6,3,1,37,1
"311",0,4,1,NA,0,NA,0,NA,6,3,1,39,0
"312",0,4,1,1,1,1,0,1,7,3,0,NA,1
"313",0,4,1,1,0,0,1,0,4,3,0,44,1
"314",0,4,1,1,1,0,NA,0,5,4,1,28,0
"315",0,4,1,0,0,1,0,1,4,4,1,29,0
"316",0,5,NA,NA,NA,NA,NA,NA,7,5,1,37,0
"317",0,5,1,1,0,0,1,0,5,2,1,34,0
"318",0,5,1,0,1,1,0,1,7,NA,1,NA,0
"319",0,5,1,1,0,0,1,0,5,5,1,41,1
"320",0,5,1,1,0,0,1,0,5,5,1,26,0
"321",0,5,1,1,0,1,NA,NA,4,4,1,49,0
"322",0,5,1,1,1,0,NA,NA,5,2,0,61,1
"323",0,5,1,1,1,1,NA,1,7,5,1,54,0
"324",0,6,NA,0,1,1,NA,NA,6,4,1,56,1
"325",0,6,1,1,1,1,NA,NA,NA,NA,0,NA,NA
"326",0,6,1,1,1,1,NA,1,6,2,1,23,0
"327",0,6,1,1,0,0,1,0,5,1,1,NA,1
"328",0,6,1,1,1,1,NA,NA,6,4,1,41,0
"329",0,1,1,1,1,1,1,NA,4,3,0,50,1
"330",0,3,1,1,1,1,NA,1,NA,3,0,33,NA
"331",0,4,1,1,1,1,0,1,5,3,1,45,1
"332",0,5,1,1,1,1,1,NA,4,3,0,45,1
"333",0,6,1,1,1,1,NA,1,4,5,0,NA,1
"334",0,1,1,0,1,1,1,1,7,4,1,33,1
"335",0,1,1,1,0,0,1,0,5,5,1,25,1
"336",0,1,1,1,1,1,NA,NA,6,2,1,41,0
"337",0,1,1,1,1,1,1,1,6,5,1,30,1
"338",0,1,1,0,1,0,1,1,6,4,0,62,1
"339",0,1,0,0,1,1,1,1,6,6,0,37,1
"340",0,1,1,1,0,0,1,0,6,5,1,36,1
"341",0,1,1,1,0,0,1,NA,5,4,0,28,1
"342",0,1,1,1,1,0,NA,0,6,2,1,29,1
"343",0,1,1,1,1,1,1,1,7,4,0,69,1
"344",0,1,1,0,0,0,NA,NA,4,2,0,53,0
"345",0,1,1,1,1,0,1,NA,7,6,0,33,0
"346",0,1,1,1,1,1,1,1,7,1,0,NA,0
"347",0,1,1,0,1,1,1,1,5,3,1,38,0
"348",0,2,1,1,1,1,1,1,7,2,1,43,0
"349",0,2,1,0,1,1,NA,1,7,3,1,59,1
"350",0,2,1,1,0,0,1,0,6,5,0,29,1
"351",0,2,1,1,0,0,NA,1,NA,2,0,NA,0
"352",0,2,0,1,0,0,1,0,6,6,1,29,1
"353",0,2,1,1,1,1,1,0,6,4,0,35,1
"354",0,2,1,1,0,0,NA,0,6,5,1,45,1
"355",0,2,1,1,0,0,1,0,6,2,1,32,1
"356",0,2,1,1,1,0,1,0,NA,NA,0,23,1
"357",0,2,1,1,1,1,NA,NA,5,3,1,73,1
"358",0,3,1,1,1,1,0,1,7,4,1,32,1
"359",0,3,1,1,1,1,0,1,NA,NA,0,NA,NA
"360",0,3,NA,1,0,0,NA,0,6,5,0,34,1
"361",0,3,0,1,0,0,1,1,5,5,0,29,1
"362",0,3,1,0,1,1,0,1,4,3,0,31,0
"363",0,3,1,1,1,1,0,1,6,1,0,38,0
"364",0,3,1,1,1,1,NA,1,7,5,1,33,0
"365",0,3,1,1,0,0,1,0,5,5,1,37,0
"366",0,3,1,1,1,0,0,NA,6,2,1,40,0
"367",0,3,1,1,1,0,1,0,6,4,0,31,0
"368",0,3,1,1,1,0,1,0,7,6,1,45,1
"369",0,3,1,1,1,0,0,0,7,4,1,41,1
"370",0,4,0,0,1,0,0,0,5,1,0,51,0
"371",0,4,1,1,1,1,0,1,NA,NA,0,NA,NA
"372",0,4,1,1,0,0,1,0,5,5,1,29,1
"373",0,4,1,1,0,0,1,0,6,5,1,41,1
"374",0,4,1,1,1,0,1,0,3,4,1,26,1
"375",0,4,1,1,1,0,0,0,6,3,1,32,1
"376",0,4,1,1,1,1,0,1,6,4,0,32,0
"377",0,4,1,1,0,1,1,0,6,5,0,28,1
"378",0,4,1,1,1,1,0,1,4,5,1,29,0
"379",0,4,1,1,1,1,0,1,7,2,0,27,0
"380",0,4,1,0,1,1,0,1,7,2,0,46,0
"381",0,4,1,1,1,1,0,1,7,2,0,23,1
"382",0,4,1,1,1,1,NA,NA,4,3,0,27,1
"383",0,5,1,0,1,1,NA,1,7,2,1,34,1
"384",0,5,1,1,1,1,NA,1,5,2,1,61,1
"385",0,5,0,1,0,1,NA,0,7,5,0,36,0
"386",0,5,1,1,0,0,1,0,6,4,1,27,1
"387",0,5,0,1,1,1,NA,1,5,2,1,34,1
"388",0,5,1,1,0,1,1,1,4,4,0,28,0
"389",0,5,1,1,1,1,1,1,7,4,1,51,1
"390",0,5,1,1,0,1,1,0,NA,1,0,71,1
"391",0,5,1,0,1,1,NA,1,7,2,1,39,1
"392",0,5,1,0,0,1,NA,1,3,3,0,NA,0
"393",0,5,1,0,0,1,NA,1,5,2,1,49,1
"394",0,5,1,1,1,1,NA,1,5,4,0,26,0
"395",0,5,1,0,0,1,0,1,7,4,0,64,1
"396",0,5,1,1,0,0,1,1,5,2,0,32,1
"397",0,6,1,1,0,1,NA,1,6,2,1,30,0
"398",0,6,1,1,1,1,1,1,6,3,0,54,0
"399",0,6,NA,NA,NA,NA,NA,NA,6,4,1,31,0
"400",0,6,0,1,0,0,1,0,4,3,0,28,1
"401",0,6,1,1,1,1,1,NA,7,5,0,38,0
"402",0,6,1,1,0,0,0,0,7,2,0,49,0
"403",0,6,1,1,1,1,1,0,6,6,0,41,1
"404",0,6,1,1,1,1,1,NA,6,2,1,28,0
"405",0,6,1,1,0,0,1,0,6,5,0,33,1
"406",0,6,1,1,0,0,1,0,6,3,1,30,0
"407",0,6,1,1,1,1,1,NA,7,5,0,38,1
"408",0,6,NA,NA,NA,NA,NA,NA,6,4,1,30,1
"409",0,1,1,NA,1,1,1,1,6,1,1,31,0
"410",0,1,0,NA,1,1,NA,0,6,1,0,46,0
"411",0,1,1,0,1,1,1,NA,6,3,1,79,0
"412",0,1,1,1,1,1,1,1,6,3,0,45,1
"413",0,1,1,NA,0,0,1,1,5,2,0,36,1
"414",0,1,1,1,0,0,1,1,4,3,0,37,1
"415",0,1,1,0,1,1,1,1,5,3,0,25,1
"416",0,1,1,NA,1,1,1,NA,5,4,1,32,1
"417",0,1,1,1,0,1,1,1,NA,1,0,56,1
"418",0,1,1,1,1,1,1,1,4,2,0,57,1
"419",0,2,1,1,0,1,0,0,4,1,0,50,1
"420",0,2,1,0,1,1,1,1,7,5,0,31,1
"421",0,2,1,1,NA,0,1,NA,2,2,0,27,1
"422",0,2,1,1,1,1,1,1,6,1,0,31,0
"423",0,2,NA,NA,1,NA,1,NA,6,2,0,NA,1
"424",0,2,1,1,1,1,1,0,5,4,1,27,0
"425",0,2,1,1,0,0,NA,1,4,3,0,22,1
"426",0,2,1,NA,NA,NA,1,NA,NA,4,1,29,1
"427",0,2,1,1,1,1,1,1,6,4,0,44,1
"428",0,2,1,1,1,1,1,1,6,2,0,32,0
"429",0,2,0,0,1,1,1,1,6,2,1,50,1
"430",0,2,1,1,1,1,1,NA,6,3,1,35,1
"431",0,2,1,1,1,NA,NA,NA,NA,NA,0,NA,1
"432",0,3,1,1,0,1,0,1,7,4,1,27,0
"433",0,3,1,1,1,1,0,NA,6,4,0,32,1
"434",0,3,0,1,1,1,0,1,4,2,0,38,1
"435",0,3,1,1,0,1,0,NA,2,2,0,28,NA
"436",0,3,1,0,1,1,0,1,5,2,0,58,1
"437",0,3,1,1,1,0,1,NA,5,4,0,35,1
"438",0,3,0,0,1,1,0,1,7,4,1,55,1
"439",0,3,1,0,1,1,0,1,7,1,1,65,1
"440",0,3,1,0,1,1,0,1,6,1,0,28,1
"441",0,3,1,1,0,1,0,0,7,4,0,28,1
"442",0,3,1,1,0,1,0,1,6,2,1,33,0
"443",0,3,1,1,0,0,1,0,NA,NA,0,32,1
"444",0,3,1,1,0,0,0,0,5,4,1,NA,1
"445",0,4,1,1,1,0,0,0,7,NA,1,68,0
"446",0,4,1,1,NA,NA,0,1,6,2,1,24,1
"447",0,4,1,0,0,1,NA,1,NA,4,0,NA,0
"448",0,4,1,1,1,1,0,1,7,4,0,50,1
"449",0,4,1,1,1,1,0,1,7,3,1,48,1
"450",0,4,1,1,0,0,1,0,6,4,0,25,1
"451",0,4,NA,NA,NA,NA,0,NA,6,4,1,38,0
"452",0,4,1,1,1,0,NA,0,5,2,1,25,1
"453",0,4,1,0,1,1,0,NA,6,NA,0,NA,0
"454",0,4,1,0,1,1,0,1,6,2,1,72,1
"455",0,4,1,0,1,0,0,1,6,4,1,46,1
"456",0,5,0,1,1,0,1,0,2,4,1,34,1
"457",0,5,1,1,1,1,1,1,7,5,0,32,1
"458",0,5,1,1,0,1,0,1,7,2,0,35,0
"459",0,5,1,1,1,1,NA,1,7,3,1,39,0
"460",0,5,1,1,1,1,NA,NA,5,4,0,23,1
"461",0,5,1,1,1,1,NA,1,6,5,1,43,0
"462",0,5,1,1,1,1,1,1,7,1,1,69,1
"463",0,5,1,1,0,0,1,0,NA,NA,0,60,0
"464",0,5,1,1,0,1,0,1,6,NA,1,NA,1
"465",0,5,1,1,0,1,1,0,5,4,0,37,0
"466",0,5,1,1,0,1,1,0,6,2,1,62,0
"467",0,6,0,0,0,0,NA,NA,7,2,1,45,1
"468",0,6,1,1,1,1,NA,1,6,3,1,31,1
"469",0,6,1,1,1,0,1,0,6,5,0,31,1
"470",0,6,0,0,1,1,NA,1,NA,2,1,32,1
"471",0,6,0,0,1,1,0,1,7,2,1,37,0
"472",0,6,0,NA,NA,NA,NA,NA,NA,NA,0,NA,1
"473",0,6,1,1,1,1,1,1,7,2,1,31,1
"474",0,6,1,0,1,1,1,1,4,3,0,36,1
"475",0,6,1,1,0,0,1,0,6,5,1,28,0
"476",0,6,NA,NA,0,0,1,NA,5,1,1,29,1
"477",0,6,1,1,0,1,NA,0,6,2,0,26,0
"478",0,1,1,1,0,0,1,0,6,2,0,28,0
"479",0,1,1,1,0,0,1,0,7,2,1,32,0
"480",0,1,1,1,0,0,1,0,7,5,1,29,1
"481",0,1,1,1,0,0,1,0,5,6,1,33,0
"482",0,1,1,1,1,1,1,1,7,2,0,45,1
"483",0,1,1,NA,1,1,NA,NA,4,2,0,35,1
"484",0,1,1,1,1,1,1,1,7,3,0,NA,0
"485",0,1,NA,NA,NA,NA,NA,NA,6,3,1,39,1
"486",0,1,1,1,0,0,1,NA,5,2,0,41,1
"487",0,1,1,1,1,1,NA,1,7,3,0,28,0
"488",0,1,1,1,1,1,1,NA,6,2,1,74,0
"489",0,1,1,NA,1,1,1,1,2,3,1,50,1
"490",0,1,1,1,1,1,NA,1,7,5,1,38,1
"491",0,1,1,1,0,0,NA,0,6,4,1,53,1
"492",0,1,1,1,1,1,1,NA,6,5,1,37,0
"493",0,1,1,1,1,1,1,1,6,3,1,40,1
"494",0,1,1,1,1,1,1,1,6,2,1,38,1
"495",0,1,1,1,0,1,1,1,6,3,0,44,1
"496",0,1,1,0,1,1,0,1,NA,2,1,31,1
"497",0,2,1,1,0,0,1,0,6,4,0,26,1
"498",0,2,1,1,0,0,NA,0,6,4,1,35,1
"499",0,2,1,1,1,1,1,1,6,4,1,26,0
"500",0,2,1,1,0,0,1,NA,5,5,1,31,1
"501",0,1,1,1,1,1,1,1,6,2,1,60,1
"502",0,1,1,1,1,1,1,NA,6,2,1,29,0
"503",0,1,1,1,1,1,1,1,6,2,1,44,1
"504",0,1,1,0,0,0,NA,0,6,6,1,30,0
"505",0,1,1,0,1,1,1,1,4,2,1,68,1
"506",0,1,1,1,1,0,1,0,7,4,1,40,0
"507",0,1,1,0,1,0,1,0,5,2,1,62,1
"508",0,1,0,0,1,1,1,1,7,6,1,73,1
"509",0,2,1,1,1,1,1,1,5,1,0,47,1
"510",0,2,1,1,1,1,1,NA,6,3,1,26,1
"511",0,2,1,1,0,0,NA,0,6,NA,0,NA,NA
"512",0,2,1,1,1,0,1,0,7,3,1,31,0
"513",0,2,1,1,1,1,1,1,7,4,1,28,0
"514",0,2,1,1,1,1,1,1,7,3,0,25,1
"515",0,2,1,1,1,0,1,NA,6,2,1,38,0
"516",0,2,1,1,0,1,1,1,6,2,1,37,1
"517",0,2,1,NA,0,0,NA,0,6,5,0,30,1
"518",0,2,1,1,1,1,1,NA,6.5,3,1,45,0
"519",0,2,0,1,0,0,NA,0,5,4,0,37,NA
"520",0,2,NA,NA,NA,NA,NA,NA,6,4,1,29,0
"521",0,2,1,1,0,1,1,1,6,3,1,29,0
"522",0,2,1,1,1,1,1,1,6,5,1,31,0
"523",0,2,1,1,1,1,NA,NA,7,2,1,32,1
"524",0,2,1,1,1,1,1,1,6,2,1,35,0
"525",0,2,NA,NA,NA,NA,NA,NA,5,1,1,30,0
"526",0,2,1,1,1,0,1,0,6,6,1,41,1
"527",0,2,1,1,1,0,1,1,6,3,1,28,1
"528",0,2,1,1,1,1,NA,1,7,4,1,62,1
"529",0,3,1,1,1,1,0,1,6,2,0,30,1
"530",0,3,1,0,1,1,0,1,5,5,1,44,0
"531",0,3,1,1,1,1,0,1,6,4,1,30,0
"532",0,3,1,1,1,1,0,1,7,4,1,37,0
"533",0,3,1,1,0,1,0,1,6,2,1,45,1
"534",0,3,1,1,1,1,NA,1,6,1,1,44,1
"535",0,3,1,1,0,1,0,1,5,5,0,29,1
"536",0,3,NA,1,0,0,1,0,6,5,1,29,1
"537",0,3,1,1,0,0,1,0,6,5,1,27,1
"538",0,3,1,1,1,0,0,0,7,5,1,36,1
"539",0,3,1,1,1,1,0,1,6,5,0,46,1
"540",0,3,1,1,1,1,0,1,6,2,0,34,1
"541",0,3,1,1,1,1,0,1,6,4,0,23,0
"542",0,3,1,1,0,0,1,0,5,5,1,28,1
"543",0,3,1,1,1,1,NA,NA,NA,4,1,NA,NA
"544",0,3,1,1,0,0,1,0,6,6,1,34,1
"545",0,3,1,1,1,1,NA,1,4,4,1,42,0
"546",0,3,1,1,0,1,0,1,6,5,1,33,1
"547",0,3,0,1,1,1,0,1,6,6,1,35,1
"548",0,3,1,1,0,0,1,0,6,5,1,24,1
"549",0,3,1,1,1,1,0,1,6,5,1,37,1
"550",0,3,1,1,0,0,1,0,7,5,1,33,0
"551",0,3,1,1,1,1,0,1,6,2,1,38,0
"552",0,3,1,1,1,1,NA,1,6,5,1,34,1
"553",0,3,0,0,1,1,0,1,7,1,1,63,1
"554",0,3,1,0,1,1,0,NA,6,1,1,73,1
"555",0,3,1,1,0,0,0,0,6,3,1,30,1
"556",0,3,1,1,0,0,1,0,5,5,0,29,1
"557",0,3,1,1,1,1,0,1,5,5,1,37,1
"558",0,4,NA,NA,NA,NA,NA,NA,4,2,0,27,1
"559",0,4,NA,NA,NA,1,NA,1,4,4,1,25,1
"560",0,4,1,0,0,1,0,1,5,5,0,56,0
"561",0,4,1,1,1,1,0,1,7,2,1,22,1
"562",0,4,1,1,1,1,0,1,6,3,1,41,0
"563",0,4,1,1,0,0,0,0,6,5,1,30,0
"564",0,4,NA,NA,NA,NA,NA,NA,7,1,0,24,0
"565",0,4,0,0,1,1,0,1,6,NA,0,36,1
"566",0,4,1,1,0,0,0,0,7,2,1,29,1
"567",0,4,1,1,1,1,0,1,7,3,1,46,0
"568",0,4,1,1,1,1,0,1,7,3,1,35,0
"569",0,4,0,0,1,1,0,1,6,5,1,45,1
"570",0,4,1,0,1,0,0,1,7,3,0,35,1
"571",0,4,1,1,1,1,1,0,7,6,1,26,1
"572",0,4,1,0,1,1,0,1,5,3,0,43,1
"573",0,4,0,1,0,0,1,0,4,2,0,27,0
"574",0,4,0,1,1,1,NA,1,7,5,1,38,1
"575",0,4,1,1,0,0,NA,0,6,6,1,33,1
"576",0,4,1,1,0,0,0,0,6,5,1,34,1
"577",0,4,1,1,0,0,0,0,6,6,1,26,1
"578",0,4,1,1,1,1,0,NA,6,3,0,35,0
"579",0,4,1,1,0,0,NA,0,6,4,1,29,1
"580",0,4,0,0,0,0,1,0,4,6,1,36,1
"581",0,4,1,1,0,0,1,0,6,5,1,40,0
"582",0,4,1,1,1,1,0,1,7,3,1,46,NA
"583",0,4,1,1,1,0,0,NA,7,1,1,30,1
"584",0,4,1,0,0,1,0,1,6,2,1,73,1
"585",0,5,1,NA,0,1,1,1,7,3,0,31,1
"586",0,5,0,0,0,0,0,NA,5,2,1,69,0
"587",0,5,0,0,1,1,NA,1,6,3,0,55,1
"588",0,5,1,1,0,0,NA,0,NA,2,1,59,0
"589",0,5,1,1,0,0,1,0,7,4,1,28,1
"590",0,5,1,1,0,0,1,0,7,5,1,42,1
"591",0,5,1,1,1,1,0,NA,6,2,0,32,0
"592",0,5,1,1,1,1,NA,1,5,3,0,44,0
"593",0,5,1,1,1,1,1,1,6,2,1,62,0
"594",0,5,1,1,0,0,1,0,6,4,1,28,1
"595",0,5,1,1,1,1,NA,1,7,1,1,31,0
"596",0,5,1,1,0,1,NA,1,5,5,1,42,1
"597",0,5,1,1,1,0,1,1,7,3,1,27,0
"598",0,5,1,1,0,0,1,0,5,5,1,31,0
"599",0,5,1,1,0,0,1,0,5,4,1,30,1
"600",0,5,1,1,1,1,1,1,7,1,1,65,NA
"601",0,5,1,0,1,1,1,1,4,1,1,59,0
"602",0,5,1,1,1,1,NA,1,6,4,1,NA,1
"603",0,5,NA,NA,NA,NA,NA,NA,7,2,1,26,1
"604",0,5,1,1,1,0,1,0,7,4,0,48,1
"605",0,5,1,0,1,1,NA,1,7,2,1,35,1
"606",0,6,1,1,1,1,1,1,6,2,0,33,1
"607",0,6,1,0,1,1,NA,NA,NA,NA,0,27,0
"608",0,6,0,0,1,1,1,1,7,3,1,69,1
"609",0,6,NA,NA,NA,NA,NA,NA,6,4,1,41,0
"610",0,6,1,1,1,1,1,1,5.5,4,1,45,0
"611",0,6,1,1,1,1,NA,1,6,2,1,37,0
"612",0,6,1,1,1,0,1,0,7,4,1,33,1
"613",0,6,1,1,1,1,NA,1,5,2,0,29,1
"614",0,6,1,1,1,0,1,0,5,1,1,61,1
"615",0,6,0,1,1,1,NA,1,4,NA,0,41,0
"616",0,6,0,0,0,1,NA,0,3,1,1,70,0
"617",0,6,1,0,NA,1,NA,1,7,1,1,37,0
"618",0,6,1,1,0,0,1,0,7,3,1,25,1
"619",0,6,1,1,0,1,1,1,6,5,1,41,1
"620",0,6,1,1,1,1,1,1,5,2,1,43,0
"621",0,6,1,1,1,1,NA,1,6.5,1,1,26,0
"622",0,6,1,1,0,0,1,0,6,3,1,27,1
"623",0,6,1,0,1,1,0,1,6,5,1,63,1
"624",0,6,0,1,0,0,NA,0,5,3,1,38,1
"625",0,6,1,1,0,0,1,NA,6,2,1,61,1
"626",0,1,1,1,1,1,1,1,7,5,1,43,1
"627",0,1,1,1,0,1,1,1,6,2,1,29,0
"628",0,1,1,1,1,1,1,1,6,3,0,38,0
"629",0,1,1,1,1,1,1,1,7,3,1,51,0
"630",0,1,1,1,1,0,NA,0,6,2,0,44,0
"631",0,1,1,1,1,1,1,1,7,4,1,37,1
"632",0,1,1,1,0,0,NA,0,6,4,1,27,0
"633",0,2,1,1,1,0,1,0,5,4,1,30,0
"634",0,2,1,1,0,0,NA,0,3,4,1,24,1
"635",0,2,1,1,1,1,1,1,6,4,0,31,0
"636",0,2,1,1,1,0,1,0,5,6,1,38,1
"637",0,2,1,1,0,0,1,0,5,5,0,27,1
"638",0,3,1,1,1,0,0,NA,6,4,0,37,NA
"639",0,3,1,1,1,1,0,1,6,3,1,50,0
"640",0,3,0,0,1,1,0,1,5,1,0,45,1
"641",0,3,1,1,1,0,0,0,6,5,0,28,0
"642",0,3,NA,1,1,1,NA,NA,7,1,0,75,0
"643",0,3,1,1,1,1,0,1,6,6,0,40,1
"644",0,4,1,1,1,1,NA,NA,NA,NA,0,NA,NA
"645",0,4,1,0,0,1,0,1,5,NA,1,28,0
"646",0,4,1,1,1,1,0,NA,6,3,0,46,0
"647",0,4,1,1,1,1,NA,NA,NA,NA,0,NA,NA
"648",0,5,1,1,1,0,NA,1,6,3,1,32,NA
"649",0,5,1,1,1,1,1,NA,6,5,0,36,1
"650",0,5,0,1,0,0,1,0,4,4,1,42,1
"651",0,5,1,1,1,1,NA,NA,NA,NA,0,NA,NA
"652",0,5,0,0,1,1,NA,1,NA,NA,0,44,0
"653",0,5,1,0,1,1,1,1,7,2,1,64,0
"654",0,5,1,NA,1,1,NA,1,4,1,1,37,1
"655",0,6,1,1,1,1,1,1,4,3,1,50,0
"656",0,6,1,1,1,1,1,1,6,3,1,48,0
"657",0,6,1,0,1,1,NA,1,5,NA,0,38,1
"658",0,6,1,1,0,1,1,1,6,4,1,37,1
"659",0,6,1,1,1,1,1,1,6,3,1,47,0
"660",0,6,NA,NA,NA,NA,NA,NA,5,3,1,42,1
"661",0,1,1,1,1,0,1,0,7,2,1,26,1
"662",0,1,0,0,1,1,1,1,7,3,1,53,0
"663",0,1,1,1,1,1,1,1,5,5,0,35,0
"664",0,1,1,1,0,0,1,0,5,5,1,30,1
"665",0,2,1,1,1,1,1,1,6,3,1,43,0
"666",0,2,1,1,0,0,1,0,5,5,1,33,0
"667",0,2,1,0,0,1,NA,1,6,3,0,47,1
"668",0,2,1,1,0,1,1,1,6,2,1,36,0
"669",0,2,1,1,0,0,1,0,5,5,1,33,1
"670",0,2,1,0,1,1,1,1,7,4,1,45,0
"671",0,3,1,1,0,0,0,0,6,2,0,51,1
"672",0,3,1,1,1,1,0,1,7,1,1,35,1
"673",0,3,1,1,0,1,NA,1,5,5,0,38,1
"674",0,3,1,0,1,1,0,1,5,4,1,NA,0
"675",0,4,1,1,0,0,1,0,6,4,1,32,0
"676",0,4,1,1,0,0,0,0,6,6,1,38,1
"677",0,4,1,1,1,1,0,1,7,2,1,40,0
"678",0,5,1,1,0,0,1,NA,6,5,1,58,0
"679",0,5,1,0,1,1,1,1,NA,NA,0,NA,NA
"680",0,5,1,1,0,0,1,0,5,4,1,39,1
"681",0,5,1,1,1,1,1,1,7,3,1,31,1
"682",0,6,1,0,1,1,1,1,4,3,0,35,0
"683",0,6,1,1,0,0,1,0,6,3,1,34,0
"684",0,6,1,1,1,1,1,1,2,5,1,30,0
"685",0,6,1,1,0,0,1,0,5,6,1,34,1
"686",0,6,1,1,0,0,1,0,7,3,0,35,0
"687",0,6,1,1,1,1,NA,1,7,2,1,28,0
"688",0,1,1,1,0,0,0,0,5,5,1,29,1
"689",0,1,0,1,1,0,0,1,3,2,0,44,NA
"690",0,1,1,1,0,0,0,1,NA,1,0,81,NA
"691",0,1,1,1,1,1,1,1,7,4,0,25,0
"692",0,1,1,1,0,0,NA,0,4,5,1,31,1
"693",0,2,1,1,1,0,1,1,5,4,1,48,0
"694",0,2,1,1,1,1,NA,1,NA,5,0,46,1
"695",0,2,1,1,0,1,1,1,7,2,0,47,0
"696",0,2,1,1,0,0,NA,0,6,5,1,26,1
"697",0,3,1,1,0,NA,0,NA,5,4,1,73,1
"698",0,3,1,1,1,1,0,NA,6,5,0,32,1
"699",0,3,0,0,0,1,0,NA,6,3,0,23,0
"700",0,4,1,1,NA,0,NA,0,4,NA,1,28,NA
"701",0,4,1,1,1,0,0,NA,6,2,1,27,1
"702",0,5,0,1,1,1,1,1,6,3,0,38,1
"703",0,5,1,0,1,0,NA,0,4,3,0,48,1
"704",0,6,1,1,0,0,NA,0,5,4,1,45,1
"705",0,6,0,NA,NA,NA,0,NA,2,2,0,24,0
"706",0,1,1,1,1,1,1,1,NA,1,0,18,0
"707",0,1,1,1,1,1,1,1,7,1,0,26,0
"708",0,1,1,1,1,0,1,0,7,2,1,26,1
"709",0,1,NA,NA,NA,NA,NA,NA,5,2,1,39,1
"710",0,1,1,1,1,1,1,1,7,2,0,29,NA
"711",0,1,1,1,0,0,NA,0,4,4,0,45,1
"712",0,1,1,1,0,0,1,0,6,4,1,35,1
"713",0,1,1,1,1,1,1,1,7,5,1,51,1
"714",0,1,1,1,0,1,1,1,5,4,0,27,1
"715",0,2,1,1,1,1,1,1,7,2,1,43,1
"716",0,2,1,1,1,1,1,1,6,2,0,27,0
"717",0,2,1,0,1,0,1,0,6,4,1,46,1
"718",0,2,1,1,1,1,NA,1,NA,NA,0,NA,NA
"719",0,2,1,1,1,0,1,NA,NA,NA,1,23,0
"720",0,2,1,1,1,1,1,1,7,3,0,42,0
"721",0,2,1,1,1,1,1,1,6,3,1,33,1
"722",0,2,1,1,1,1,1,1,6,3,0,28,1
"723",0,3,1,1,0,1,0,NA,6,3,0,23,1
"724",0,3,1,1,1,1,0,1,5,4,1,46,1
"725",0,3,1,1,1,1,0,1,6,5,0,36,0
"726",0,3,1,1,1,NA,0,NA,7,5,0,30,1
"727",0,4,1,0,1,1,0,1,7,3,0,NA,0
"728",0,4,NA,NA,NA,NA,NA,NA,6,1,1,34,0
"729",0,4,1,1,1,1,0,1,7,1,1,30,0
"730",0,4,1,0,0,0,0,1,4,1,0,43,0
"731",0,4,0,0,1,1,0,1,6,3,0,30,0
"732",0,4,1,1,0,0,NA,0,7,5,1,29,1
"733",0,4,1,1,1,1,0,NA,6,1,0,41,1
"734",0,5,1,1,1,1,NA,NA,7,3,0,51,0
"735",0,5,1,1,1,1,NA,1,7,4,1,58,1
"736",0,5,1,1,0,1,1,1,6,2,1,57,0
"737",0,5,1,1,1,1,NA,NA,6,4,1,39,0
"738",0,5,1,1,1,1,1,1,NA,2,1,67,0
"739",0,5,1,1,1,1,NA,1,7,1,1,24,0
"740",0,5,1,1,1,1,1,1,5,5,1,25,1
"741",0,5,1,1,0,1,1,1,6,6,0,59,0
"742",0,5,1,1,0,0,1,0,7,3,0,45,1
"743",0,6,NA,NA,NA,NA,NA,NA,7,2,0,26,0
"744",0,6,1,1,1,1,NA,NA,6,NA,1,40,1
"745",0,6,1,1,NA,1,NA,NA,6,NA,0,26,1
"746",0,6,1,0,0,1,1,0,NA,1,0,63,NA
"747",0,6,1,1,1,1,1,1,6,4,1,26,1
"748",0,6,NA,NA,NA,NA,NA,NA,7,1,0,NA,0
"749",0,6,0,1,1,1,NA,1,3,NA,1,NA,0
"750",0,6,1,1,0,0,1,1,3.5,1,0,85,1
"751",0,6,1,NA,1,1,1,1,NA,NA,0,NA,0
"752",0,6,1,1,0,0,1,0,6,5,1,33,0
"753",0,1,1,1,1,1,1,1,6,1,0,43,1
"754",0,1,1,0,1,1,1,1,7,3,0,50,0
"755",0,1,1,1,0,0,1,0,6,3,0,26,0
"756",0,1,1,1,1,1,1,1,6,5,1,36,0
"757",0,2,1,0,1,1,NA,NA,NA,3,0,70,1
"758",0,2,1,1,1,1,1,1,7,5,0,38,1
"759",0,2,1,1,1,1,1,1,7,1,0,21,0
"760",0,2,1,1,0,1,1,1,6,2,0,53,1
"761",0,2,1,1,1,NA,1,NA,7,2,0,33,0
"762",0,2,1,1,1,1,1,1,6,2,1,30,0
"763",0,3,1,1,1,1,1,1,5,2,0,20,1
"764",0,3,1,1,1,1,0,1,4,1,0,52,0
"765",0,4,1,1,1,1,0,1,6,5,1,34,0
"766",0,4,1,0,0,1,0,1,6,1,0,25,0
"767",0,4,1,1,1,1,0,1,6,5,0,39,1
"768",0,5,1,1,1,1,NA,1,7,2,1,25,0
"769",0,5,1,0,0,1,NA,1,3,2,0,29,0
"770",0,5,1,1,1,1,NA,1,5,3,0,36,1
"771",0,5,1,1,0,1,NA,NA,5,3,0,31,0
"772",0,5,1,0,0,1,1,1,7,3,0,31,1
"773",0,5,1,1,1,1,0,1,NA,2,1,37,1
"774",0,6,0,0,0,1,0,1,NA,2,0,67,1
"775",0,6,1,1,1,1,NA,1,7,2,1,29,0
"776",0,6,1,1,1,1,1,1,5,3,1,30,1
"777",0,2,1,1,1,1,1,1,7,4,1,27,0
"778",0,1,1,1,0,1,1,1,4,5,0,55,1
"779",0,1,0,0,0,0,1,0,3,3,0,52,1
"780",0,1,0,1,0,0,1,0,4,1,1,68,1
"781",0,1,1,0,1,1,1,1,7,3,0,NA,0
"782",0,1,1,1,1,1,1,NA,6,4,1,32,0
"783",0,1,NA,NA,1,NA,1,NA,7,2,0,60,0
"784",0,1,1,1,1,1,1,1,6,4,0,30,0
"785",0,1,1,0,1,1,NA,1,4,2,0,29,NA
"786",0,1,1,1,0,1,1,1,4,5,0,32,0
"787",0,1,1,0,1,1,1,NA,7,2,0,49,0
"788",0,1,0,0,1,1,NA,NA,6,5,0,47,1
"789",0,2,1,1,1,1,1,1,7,1,1,23,NA
"790",0,2,NA,0,0,1,1,1,5,2,1,27,0
"791",0,2,1,1,1,1,1,1,6,3,0,32,0
"792",0,2,1,0,1,1,NA,1,6,3,0,64,0
"793",0,2,NA,NA,1,0,1,0,NA,NA,0,NA,NA
"794",0,2,1,1,1,1,NA,1,7,4,1,50,0
"795",0,2,1,0,1,1,1,1,NA,4,0,66,1
"796",0,2,1,1,1,0,1,0,6,NA,1,68,1
"797",0,2,1,1,0,0,1,NA,6,3,1,57,0
"798",0,2,1,1,1,1,1,1,NA,2,0,34,0
"799",0,2,1,1,1,1,1,NA,7,2,1,72,0
"800",0,2,0,1,0,0,1,0,3,2,1,34,1
"801",0,2,NA,NA,NA,NA,1,1,4,1,0,26,0
"802",0,2,1,0,1,1,1,NA,6,3,1,47,0
"803",0,2,NA,NA,NA,NA,NA,NA,5,5,0,43,0
"804",0,3,1,1,1,0,0,0,5,2,1,56,0
"805",0,3,1,1,1,1,0,1,4,4,1,49,1
"806",0,3,1,1,1,1,0,1,6,4,1,31,0
"807",0,3,0,1,1,1,0,NA,6,2,0,25,0
"808",0,3,1,1,1,1,0,1,6,3,0,26,1
"809",0,3,1,1,1,1,0,1,6,6,0,47,1
"810",0,3,1,1,0,0,0,0,7,5,0,29,0
"811",0,3,1,1,1,0,1,0,7,4,1,NA,1
"812",0,3,1,1,1,0,1,0,6,4,1,34,1
"813",0,3,0,0,0,0,0,NA,5,3,1,27,0
"814",0,3,NA,NA,1,NA,NA,NA,NA,NA,0,NA,NA
"815",0,4,1,1,1,1,0,1,6,2,1,71,1
"816",0,4,1,1,1,1,NA,1,6,3,0,31,1
"817",0,4,1,1,1,1,0,1,7,4,1,61,1
"818",0,4,1,1,1,1,0,1,4,2,1,62,0
"819",0,4,1,1,1,0,0,0,6,3,1,57,1
"820",0,4,1,1,1,0,0,NA,5,2,1,31,1
"821",0,4,0,0,1,0,1,NA,6,4,1,29,1
"822",0,4,1,1,0,0,0,0,5,1,1,24,0
"823",0,4,1,0,0,0,0,0,7,1,0,63,0
"824",0,4,1,1,1,1,0,1,4,3,1,31,0
"825",0,4,0,0,0,0,NA,NA,6,2,1,66,1
"826",0,5,1,1,1,0,1,0,7,4,1,NA,1
"827",0,5,1,1,1,1,1,1,7,5,1,41,0
"828",0,5,1,1,1,1,1,1,6,4,1,33,1
"829",0,5,1,1,1,1,NA,0,4,3,1,54,0
"830",0,5,1,1,0,0,1,0,7,1,1,61,0
"831",0,5,1,1,1,0,NA,0,7,2,1,44,0
"832",0,5,1,1,1,0,1,0,6,4,1,36,0
"833",0,5,1,1,1,1,1,0,4,4,1,39,1
"834",0,5,1,1,0,1,1,1,6,2,1,23,0
"835",0,5,1,1,0,0,1,0,6,6,1,38,1
"836",0,5,1,1,1,1,1,1,6,3,1,56,1
"837",0,5,0,0,1,1,0,1,5,4,1,28,0
"838",0,6,1,1,1,1,1,NA,5,3,1,62,1
"839",0,6,1,1,0,0,1,0,5,3,1,NA,1
"840",0,6,1,1,0,0,0,0,4,2,1,56,0
"841",0,6,1,1,0,0,1,0,6,1,0,28,NA
"842",0,6,1,1,1,1,NA,1,5,3,0,30,0
"843",0,6,1,1,0,1,1,1,7,3,0,NA,0
"844",0,6,1,1,1,1,1,0,6,4,1,52,1
"845",0,6,1,1,1,1,1,1,7,2,0,36,0
"846",0,2,1,1,0,0,1,0,NA,NA,1,28,1
"847",1,1,NA,NA,0,0,NA,0,7,6,1,33,0
"848",1,1,1,1,0,0,0,0,4,NA,1,68,1
"849",1,2,1,1,0,0,1,1,4,6,1,74,1
"850",1,2,1,1,0,0,1,0,6,6,1,45,0
"851",1,2,0,1,0,0,0,0,3,6,1,45,0
"852",1,3,1,0,0,1,0,1,6,6,1,72,0
"853",1,3,0,0,1,1,0,NA,NA,NA,0,NA,0
"854",1,3,NA,NA,NA,NA,NA,NA,NA,6,1,55,1
"855",1,3,1,1,0,0,0,0,5,6,1,55,1
"856",1,4,0,0,1,0,NA,NA,5,6,1,66,0
"857",1,4,0,0,1,1,0,1,5,6,1,70,0
"858",1,4,1,1,0,NA,0,0,6,5,1,76,1
"859",1,4,0,0,0,0,0,0,7,6,1,69,0
"860",1,4,1,0,1,1,0,1,5,NA,1,51,0
"861",1,4,1,1,0,0,NA,0,5,6,1,70,0
"862",1,5,NA,0,1,1,1,1,NA,4,1,81,1
"863",1,5,1,1,0,0,1,0,5,5,1,78,1
"864",1,5,1,1,0,0,1,0,4,6,0,64,1
"865",1,6,0,0,0,1,0,NA,5,4,1,74,1
"866",1,6,1,1,1,0,0,0,5,NA,0,NA,0
"867",1,6,1,1,0,0,NA,0,5,NA,1,72,0
"868",1,1,1,1,0,0,NA,0,7,6,1,73,0
"869",1,1,1,1,1,1,1,NA,5,NA,1,29,1
"870",1,1,1,1,0,0,1,0,6,5,1,66,0
"871",1,1,1,1,1,1,1,0,6,6,1,45,1
"872",1,1,1,1,0,1,0,0,7,5,1,67,0
"873",1,1,0,1,1,0,NA,0,4,6,0,37,1
"874",1,2,1,1,0,0,1,0,5,6,1,37,0
"875",1,2,1,0,1,1,1,1,7,6,1,71,0
"876",1,2,1,1,1,1,1,NA,7,3,1,68,0
"877",1,2,0,0,0,0,0,0,3,NA,1,48,1
"878",1,2,1,1,0,0,1,NA,4,6,1,62,1
"879",1,3,1,1,0,0,1,0,4,6,1,53,1
"880",1,3,1,0,1,1,0,1,6,6,1,59,0
"881",1,3,1,1,1,1,0,NA,6,4,1,75,1
"882",1,4,0,1,0,0,0,0,2,4,1,86,1
"883",1,4,1,1,1,0,0,0,4,NA,0,58,1
"884",1,4,0,0,1,1,0,1,4,6,1,63,0
"885",1,4,1,1,1,1,0,1,6,4,1,65,0
"886",1,4,0,0,0,0,0,0,4,6,1,32,1
"887",1,4,1,1,0,0,1,1,4,6,1,45,1
"888",1,5,1,1,0,0,1,0,6,6,1,72,1
"889",1,5,NA,NA,NA,NA,NA,NA,5,6,1,71,1
"890",1,5,1,1,0,1,1,1,6,6,1,48,0
"891",1,5,1,1,0,1,1,0,6,5,1,51,0
"892",1,5,0,1,0,0,1,0,1,4,1,82,0
"893",1,6,1,1,NA,0,1,0,5,5,1,66,0
"894",1,6,1,1,0,0,1,0,6,6,1,62,0
"895",1,1,1,1,0,0,NA,NA,6,6,1,57,0
"896",1,1,1,1,0,0,1,0,6,6,1,32,1
"897",1,2,NA,NA,1,NA,NA,NA,3,5,0,79,1
"898",1,2,1,1,0,0,NA,0,6,6,0,67,1
"899",1,2,1,1,1,0,1,NA,6,3,1,76,0
"900",1,2,1,1,0,0,NA,0,2,NA,1,55,1
"901",1,3,1,1,0,0,0,0,5,4,1,49,0
"902",1,3,1,1,0,0,0,0,7,5,1,50,0
"903",1,3,0,0,1,0,NA,1,NA,6,1,66,0
"904",1,3,0,1,1,0,0,0,4,6,1,39,0
"905",1,4,1,1,0,0,0,0,5,5,1,55,0
"906",1,4,1,1,0,0,1,0,4,6,1,32,0
"907",1,4,1,1,0,0,NA,0,6,6,1,51,0
"908",1,4,0,1,0,0,NA,0,6,6,1,32,0
"909",1,5,0,1,0,0,0,0,4,6,1,67,1
"910",1,5,1,1,0,0,1,0,4,NA,1,84,0
"911",1,5,NA,0,NA,0,NA,NA,4,NA,0,NA,0
"912",1,6,0,1,0,0,0,0,NA,6,1,51,1
"913",1,6,1,1,1,1,1,1,6,3,0,68,0
"914",1,1,1,1,1,NA,NA,NA,NA,NA,0,NA,NA
"915",1,1,1,1,0,0,1,NA,6,4,1,82,1
"916",1,1,1,1,0,0,1,0,6,6,1,57,0
"917",1,1,0,1,1,0,0,0,5,6,0,63,1
"918",1,1,1,1,0,1,NA,NA,6,3,1,80,0
"919",1,1,1,1,0,0,1,0,5,6,0,61,1
"920",1,1,1,0,0,0,NA,0,6,6,0,44,1
"921",1,1,1,1,0,0,NA,1,6,5,1,46,1
"922",1,2,1,1,0,0,1,0,4,6,0,63,1
"923",1,2,0,1,0,0,0,0,4,5,0,44,0
"924",1,2,1,1,0,0,0,0,5,6,1,59,1
"925",1,2,1,1,1,1,1,1,7,2,1,74,0
"926",1,2,0,0,1,0,0,1,5,3,1,88,0
"927",1,2,1,1,0,0,NA,0,6,4,0,63,1
"928",1,2,1,1,1,0,1,0,7,NA,1,57,0
"929",1,2,0,1,0,0,NA,0,5,NA,0,46,1
"930",1,2,0,1,0,0,0,0,4,6,1,45,1
"931",1,3,1,1,0,0,NA,0,5,5,1,43,0
"932",1,3,0,0,0,0,NA,0,5,6,1,38,NA
"933",1,3,1,0,0,1,1,1,NA,3,0,NA,NA
"934",1,3,1,1,0,0,NA,0,4,4,1,61,NA
"935",1,3,1,1,1,0,0,NA,5,6,0,66,0
"936",1,3,1,0,0,0,NA,0,5,NA,1,58,1
"937",1,3,1,1,0,0,1,0,4,NA,0,NA,0
"938",1,3,0,0,1,1,0,NA,5,NA,0,NA,0
"939",1,4,0,1,0,0,NA,0,3,6,0,57,1
"940",1,4,1,1,0,0,NA,1,4,4,1,67,0
"941",1,4,0,0,0,0,1,0,4,4,1,69,1
"942",1,4,1,1,0,0,0,0,5,NA,0,70,0
"943",1,4,1,0,1,1,0,1,7,NA,1,62,0
"944",1,4,1,1,0,0,NA,NA,6,5,0,43,1
"945",1,4,1,1,0,0,0,0,6,6,1,51,0
"946",1,4,1,0,1,1,0,1,4,6,1,46,1
"947",1,5,1,1,0,NA,NA,0,4,6,1,51,1
"948",1,5,1,1,1,0,1,0,6,6,1,65,1
"949",1,5,1,1,0,0,NA,0,6,3,1,80,0
"950",1,5,0,1,0,1,1,0,NA,4,1,83,0
"951",1,5,1,1,0,NA,NA,NA,4,3,0,69,0
"952",1,5,0,1,0,0,1,0,3,NA,1,50,1
"953",1,5,1,1,0,NA,NA,NA,NA,NA,0,NA,NA
"954",1,5,1,1,0,0,1,0,7,2,1,73,0
"955",1,6,1,1,0,0,1,0,5,5,1,32,0
"956",1,6,0,1,0,0,0,0,6,6,1,58,0
"957",1,6,0,0,1,1,0,1,7,6,1,61,0
"958",1,6,0,0,0,0,NA,0,4,5,0,51,1
"959",1,6,1,1,0,0,1,0,NA,6,1,70,1
"960",1,6,1,1,0,0,NA,NA,4,6,0,56,0
"961",1,6,1,0,0,1,0,1,4,2,1,72,0
"962",1,6,1,0,1,1,NA,NA,7,4,1,44,1
"963",1,6,1,0,NA,1,0,NA,6,NA,0,NA,0
"964",1,1,1,1,0,0,1,0,6,4,1,73,0
"965",1,1,NA,NA,NA,NA,NA,NA,7,4,1,66,0
"966",1,1,0,0,0,1,0,1,1,NA,1,55,1
"967",1,1,1,1,0,1,NA,NA,6,5,1,36,0
"968",1,2,0,1,0,0,0,0,6,5,1,45,1
"969",1,3,1,1,0,0,0,0,4,NA,1,55,0
"970",1,3,1,1,0,0,NA,0,6,NA,1,44,1
"971",1,3,1,1,0,1,NA,NA,4,3,1,63,0
"972",1,3,1,1,0,1,NA,1,6,5,1,45,0
"973",1,4,1,1,1,1,0,1,6,3,1,60,0
"974",1,4,1,0,0,0,0,1,6,1,1,65,0
"975",1,4,1,1,0,0,0,0,4,4,0,47,0
"976",1,5,1,1,1,1,NA,1,5,5,1,69,1
"977",1,5,1,1,1,0,NA,NA,4,4,1,47,0
"978",1,5,1,1,1,0,1,NA,6,3,1,68,0
"979",1,5,1,1,1,1,1,1,6,3,1,69,0
"980",1,6,0,1,1,0,NA,0,6,6,1,36,1
"981",1,6,1,1,1,1,1,1,6,4,1,31,1
"982",1,1,NA,NA,NA,NA,NA,NA,5,NA,0,NA,1
"983",1,1,1,0,1,1,1,1,6,4,0,22,1
"984",1,2,0,0,0,1,0,1,NA,NA,0,NA,NA
"985",1,2,1,1,0,0,1,0,7,3,0,80,1
"986",1,2,1,1,1,0,1,NA,7,3,1,64,1
"987",1,3,1,0,0,NA,0,NA,6,4,0,60,0
"988",1,4,1,1,1,1,0,NA,5,4,1,53,1
"989",1,5,1,1,0,0,NA,NA,4,5,0,NA,NA
"990",1,5,0,1,0,0,1,0,3,6,0,59,1
"991",1,6,0,0,0,0,0,0,4,4,0,46,0
"992",1,1,1,1,0,0,1,0,6,6,1,55,1
"993",1,1,1,1,1,0,1,0,6,NA,0,57,0
"994",1,2,1,1,1,1,1,1,6,4,1,47,0
"995",1,2,1,1,1,1,1,1,6,3,0,65,0
"996",1,2,0,0,1,1,1,1,7,5,1,58,1
"997",1,3,1,1,1,0,0,NA,7,5,1,68,0
"998",1,3,1,0,1,1,0,1,NA,NA,0,NA,NA
"999",1,3,1,1,0,1,0,0,5,3,0,59,0
"1000",1,4,1,1,1,1,0,1,6,3,1,41,0
"1001",1,4,1,1,1,1,0,NA,7,6,1,67,1
"1002",1,5,1,0,0,1,1,1,4,2,0,67,0
"1003",1,6,1,1,1,1,1,1,6,3,0,40,NA
"1004",1,6,1,1,1,1,NA,1,6,5,1,52,1
"1005",1,6,1,1,1,1,1,1,4,3,0,68,0
"1006",1,1,1,0,0,1,1,1,6,6,1,53,1
"1007",1,1,1,1,1,0,1,0,4,4,0,65,0
"1008",1,1,1,1,1,1,NA,NA,7,4,1,59,0
"1009",1,1,0,1,0,0,NA,0,4,5,0,59,0
"1010",1,1,1,1,0,0,1,0,5,4,1,47,0
"1011",1,1,1,1,1,1,1,1,6,4,1,45,0
"1012",1,2,0,0,1,0,1,NA,7,4,0,51,1
"1013",1,2,1,0,1,1,1,1,6,6,1,32,0
"1014",1,3,1,1,1,1,0,1,7,4,1,47,1
"1015",1,4,0,1,0,0,0,0,6,5,1,48,0
"1016",1,4,1,1,0,1,0,1,7,6,1,58,1
"1017",1,5,1,0,1,1,NA,1,7,4,1,60,0
"1018",1,6,1,1,1,1,NA,1,NA,NA,0,NA,NA
"1019",1,6,0,0,1,1,NA,0,6,6,0,45,0
"1020",1,1,0,1,0,1,NA,1,4,6,1,47,0
"1021",1,1,1,1,0,0,1,0,5,5,1,61,1
"1022",1,1,0,1,0,0,0,0,4,6,1,41,1
"1023",1,1,0,1,1,0,NA,NA,5,NA,0,NA,NA
"1024",1,1,1,1,0,0,0,0,4,6,1,32,1
"1025",1,1,1,1,0,1,1,NA,7,5,1,62,0
"1026",1,1,0,0,1,1,1,1,4,3,0,57,1
"1027",1,1,0,0,1,0,0,0,7,6,1,64,1
"1028",1,1,1,1,1,1,1,NA,5,5,0,46,1
"1029",1,2,1,0,0,1,1,1,4,NA,0,57,1
"1030",1,2,1,1,0,0,1,0,5,4,1,71,1
"1031",1,2,1,1,0,1,NA,NA,4,4,0,49,0
"1032",1,2,1,0,0,1,1,1,4,3,0,63,0
"1033",1,2,1,0,NA,1,NA,1,7,NA,0,NA,0
"1034",1,2,NA,NA,NA,NA,NA,NA,6,6,1,48,1
"1035",1,2,1,1,0,1,1,0,5,3,1,82,0
"1036",1,2,1,1,1,1,1,1,7,3,1,NA,1
"1037",1,2,1,1,1,1,1,1,7,6,1,50,1
"1038",1,2,NA,NA,NA,NA,1,NA,4,NA,0,79,0
"1039",1,2,1,1,0,0,NA,0,7,NA,1,83,1
"1040",1,3,1,0,0,1,NA,1,5.5,6,0,42,1
"1041",1,3,1,1,0,0,0,0,6,NA,1,42,0
"1042",1,3,0,0,0,0,0,0,3,2,1,63,1
"1043",1,3,1,1,1,1,0,NA,6,5,0,74,0
"1044",1,3,1,1,1,0,0,1,5,4,0,65,0
"1045",1,3,1,1,0,0,NA,NA,NA,NA,0,NA,NA
"1046",1,4,NA,NA,NA,NA,NA,NA,5,6,1,47,1
"1047",1,4,NA,NA,NA,NA,NA,NA,6,6,1,55,1
"1048",1,4,0,1,1,0,1,0,3,4,0,44,1
"1049",1,4,1,0,1,1,0,1,6,5,1,39,0
"1050",1,5,1,1,1,1,NA,NA,7,3,0,53,0
"1051",1,5,0,1,0,0,1,0,6,6,1,71,1
"1052",1,5,1,1,1,0,NA,0,6,6,0,52,0
"1053",1,5,0,1,0,1,0,0,4,NA,1,73,1
"1054",1,5,0,0,0,0,NA,0,5,5,0,39,0
"1055",1,5,NA,0,1,0,0,0,4,6,0,40,1
"1056",1,5,0,1,1,0,NA,0,4,6,1,49,1
"1057",1,5,0,1,0,0,1,0,4,6,0,39,1
"1058",1,5,NA,0,1,1,NA,1,5,3,1,88,1
"1059",1,6,0,1,0,NA,NA,0,4,NA,0,NA,0
"1060",1,6,1,0,0,0,NA,0,6,3,1,68,0
"1061",1,6,NA,0,0,1,NA,1,3,2,1,67,0
"1062",1,6,1,1,1,1,NA,1,5,3,0,NA,NA
"1063",1,6,1,1,0,0,NA,NA,4,6,0,33,0
"1064",1,6,1,1,1,1,NA,NA,6,6,1,48,0
"1065",1,6,1,NA,0,0,1,0,3,3,0,NA,1
"1066",1,6,1,1,1,0,1,0,6,6,1,51,1
"1067",1,6,0,0,1,1,0,1,5,NA,1,58,0
"1068",1,6,0,1,0,0,1,0,4,6,0,40,1
"1069",1,1,0,0,0,0,NA,0,3,NA,1,58,0
"1070",1,1,0,0,0,0,1,0,7,6,1,55,0
"1071",1,1,1,1,1,1,NA,NA,7,5,1,44,0
"1072",1,1,0,0,0,0,0,NA,5,3,1,70,1
"1073",1,1,1,0,0,0,1,0,NA,5,0,59,0
"1074",1,1,1,0,0,0,0,0,5,6,1,65,1
"1075",1,1,1,1,1,0,NA,0,4,4,1,59,1
"1076",1,1,1,1,0,0,1,0,7,NA,1,NA,0
"1077",1,1,NA,NA,NA,NA,NA,NA,6,NA,0,77,0
"1078",1,1,1,1,0,1,NA,1,NA,NA,0,NA,1
"1079",1,1,1,0,0,0,NA,NA,NA,NA,0,NA,0
"1080",1,1,0,0,1,1,0,1,5,4,1,81,1
"1081",1,1,1,1,1,0,1,0,6,3,1,58,1
"1082",1,2,0,1,1,0,1,0,5,3,1,47,0
"1083",1,2,1,1,1,0,1,0,NA,5,1,61,1
"1084",1,2,0,0,0,0,1,NA,6,6,1,47,1
"1085",1,2,NA,NA,NA,NA,NA,NA,4,NA,1,NA,0
"1086",1,2,1,1,0,0,NA,0,3,6,0,70,1
"1087",1,2,0,0,1,1,0,1,4,3,0,63,1
"1088",1,2,0,1,0,1,1,1,4,5,0,55,1
"1089",1,2,1,0,1,1,0,1,4,NA,1,28,1
"1090",1,2,0,0,1,0,0,0,4,6,1,61,1
"1091",1,2,0,0,0,NA,NA,NA,5,2,1,63,0
"1092",1,2,1,1,1,0,1,0,6,6,1,58,1
"1093",1,2,0,0,1,1,0,1,4,5,0,57,1
"1094",1,3,1,1,0,1,0,0,5,6,1,53,0
"1095",1,3,0,0,1,1,0,1,4,2,1,22,1
"1096",1,3,1,1,0,1,0,1,5,5,1,41,0
"1097",1,3,1,1,1,0,0,0,4,4,1,73,1
"1098",1,3,1,1,1,1,NA,1,6,NA,0,21,NA
"1099",1,3,0,0,1,1,0,1,5,5,1,73,0
"1100",1,3,0,0,0,0,0,0,4,4,0,62,0
"1101",1,3,1,1,0,0,0,0,6,4,0,53,1
"1102",1,3,1,1,0,0,NA,1,3,6,0,56,NA
"1103",1,3,1,1,1,1,0,NA,7,5,1,64,0
"1104",1,3,1,1,0,0,0,0,6,3,0,67,1
"1105",1,3,1,0,0,0,0,0,4,3,1,73,1
"1106",1,3,1,1,0,0,0,0,3,5,1,62,1
"1107",1,4,0,0,1,1,0,1,4,NA,0,NA,0
"1108",1,4,1,1,0,0,NA,0,6,6,1,39,1
"1109",1,4,1,1,1,0,NA,0,5,NA,1,60,0
"1110",1,4,1,1,1,0,0,NA,5,5,1,63,0
"1111",1,4,NA,NA,NA,NA,NA,NA,5,5,1,59,1
"1112",1,4,1,1,1,0,0,0,4,4,1,56,0
"1113",1,4,1,0,0,1,0,1,6,5,1,62,0
"1114",1,4,1,1,0,0,NA,0,6,6,1,45,1
"1115",1,4,0,1,0,0,1,0,2,6,1,61,1
"1116",1,4,1,1,0,0,0,0,NA,6,1,65,1
"1117",1,4,1,1,0,0,0,0,6,5,1,73,0
"1118",1,4,0,0,0,1,0,0,3,4,1,74,0
"1119",1,5,1,1,NA,0,1,NA,6,6,0,35,0
"1120",1,5,1,1,0,1,1,1,2,6,0,63,1
"1121",1,5,1,1,0,1,1,NA,6,NA,0,58,0
"1122",1,5,1,1,1,1,1,1,5,3,1,36,1
"1123",1,5,1,0,1,1,NA,1,4,NA,0,NA,NA
"1124",1,5,1,1,0,0,1,0,5,6,1,47,1
"1125",1,5,0,0,1,0,NA,0,6,5,0,61,1
"1126",1,5,0,1,1,0,0,0,4,3,0,45,1
"1127",1,5,0,0,0,0,1,0,3,2,0,82,1
"1128",1,5,1,1,0,0,NA,NA,3,6,1,63,0
"1129",1,5,1,1,0,0,1,0,7,6,1,46,1
"1130",1,5,0,0,1,0,0,1,3,5,1,NA,1
"1131",1,5,0,0,1,0,NA,0,5,NA,1,57,0
"1132",1,6,NA,NA,NA,NA,0,1,NA,NA,0,62,1
"1133",1,6,1,1,0,0,1,NA,2,3,0,69,1
"1134",1,6,1,1,0,0,1,0,6,4,1,66,1
"1135",1,6,NA,NA,NA,NA,NA,NA,2,NA,0,NA,NA
"1136",1,6,1,0,0,0,0,0,7,NA,1,64,0
"1137",1,6,1,0,1,1,1,1,7,4,1,63,1
"1138",1,6,1,1,1,0,NA,0,3,3,0,71,0
"1139",1,6,0,0,1,0,NA,0,2,5,1,57,1
"1140",1,6,1,1,0,0,NA,1,6,5,1,73,0
"1141",1,6,1,1,0,1,NA,1,5,6,1,61,0
"1142",1,6,NA,NA,NA,NA,0,NA,4,5,0,NA,1
"1143",1,1,NA,NA,NA,NA,NA,NA,6,NA,1,69,0
"1144",1,1,0,0,0,0,NA,0,4,6,1,68,1
"1145",1,1,1,1,1,0,1,0,6,6,0,65,0
"1146",1,1,1,1,1,0,1,NA,6,6,1,46,1
"1147",1,1,1,1,1,0,0,0,1,6,1,66,1
"1148",1,1,1,0,0,0,NA,0,4,6,1,61,1
"1149",1,1,0,1,0,1,1,1,3,5,0,76,1
"1150",1,1,0,1,1,0,NA,0,6,6,1,72,1
"1151",1,1,0,1,0,0,NA,0,3,NA,1,NA,1
"1152",1,1,1,1,1,0,NA,0,4,NA,1,45,0
"1153",1,2,1,1,0,0,1,NA,7,6,1,53,0
"1154",1,2,1,1,1,1,1,NA,7,6,1,46,0
"1155",1,2,1,1,0,1,1,0,3,NA,0,64,1
"1156",1,2,1,1,1,0,1,0,4,6,1,63,1
"1157",1,2,1,1,1,0,1,0,6,6,1,59,0
"1158",1,2,1,0,1,0,1,0,6,4,1,72,1
"1159",1,2,0,0,1,0,NA,0,3,6,1,72,1
"1160",1,2,0,0,1,1,1,1,3,3,1,85,1
"1161",1,2,0,0,0,0,0,0,NA,6,0,65,1
"1162",1,3,0,1,0,0,NA,0,6,6,1,73,1
"1163",1,3,0,1,0,0,0,0,4,6,1,78,1
"1164",1,3,0,1,1,0,0,0,4,6,1,56,1
"1165",1,3,1,1,1,1,0,NA,6,6,1,59,0
"1166",1,3,1,1,0,0,1,0,5,5,1,77,1
"1167",1,3,1,0,1,1,0,1,5,6,1,54,0
"1168",1,3,0,0,0,0,0,0,NA,5,1,63,1
"1169",1,3,0,1,1,1,NA,1,4,4,1,75,1
"1170",1,3,0,0,0,0,0,0,4,NA,0,50,0
"1171",1,3,1,1,0,0,NA,0,5,6,1,56,1
"1172",1,4,1,1,0,0,NA,NA,4,5,0,62,0
"1173",1,4,0,0,0,0,NA,0,6,6,1,64,0
"1174",1,4,1,1,1,0,0,0,4,4,1,77,0
"1175",1,4,0,1,0,0,0,0,5,6,1,65,0
"1176",1,4,1,0,1,1,0,1,6,6,1,49,1
"1177",1,5,1,1,0,0,1,0,5,4,1,65,0
"1178",1,5,1,1,1,NA,NA,NA,4,NA,1,63,0
"1179",1,5,1,1,0,0,1,1,6,5,0,75,1
"1180",1,5,1,1,0,0,1,0,5,6,1,56,1
"1181",1,5,0,1,0,1,1,1,4,4,0,56,1
"1182",1,5,1,1,0,1,1,1,4,4,1,59,1
"1183",1,5,1,1,0,0,0,0,4,4,1,76,1
"1184",1,6,1,1,1,0,1,NA,4,4,1,71,0
"1185",1,6,1,0,0,1,0,0,7,NA,0,66,NA
"1186",1,6,1,1,0,0,NA,NA,6,6,1,54,1
"1187",1,6,1,1,0,0,0,1,5,6,1,45,0
"1188",1,6,1,1,0,0,0,1,5,5,1,71,0
"1189",1,6,0,0,0,0,0,1,4,5,1,NA,NA
"1190",1,1,1,0,0,1,1,NA,5,5,1,43,0
"1191",1,1,1,1,0,1,1,NA,7,5,1,44,1
"1192",1,1,1,1,0,0,NA,0,5,6,1,42,0
"1193",1,1,0,0,1,NA,NA,NA,NA,NA,0,NA,1
"1194",1,1,NA,NA,NA,NA,NA,NA,7,4,1,46,0
"1195",1,2,0,0,1,1,1,1,6,4,1,60,0
"1196",1,3,0,1,0,0,NA,NA,3,6,1,49,1
"1197",1,3,1,1,0,0,NA,0,3,3,0,63,1
"1198",1,3,1,1,0,1,0,1,4,6,0,62,1
"1199",1,3,1,1,1,0,1,0,6,6,1,51,0
"1200",1,3,1,1,0,1,0,1,4,3,0,60,1
"1201",1,4,1,1,1,1,1,NA,4,5,0,45,0
"1202",1,4,1,0,1,1,0,1,6,5,1,46,1
"1203",1,4,1,1,0,0,0,0,5,5,1,70,1
"1204",1,4,0,0,1,1,0,NA,6,5,1,65,0
"1205",1,4,1,1,1,0,NA,0,4,4,1,52,0
"1206",1,4,1,1,0,1,1,1,4,4,0,55,0
"1207",1,5,1,1,0,NA,NA,NA,4,1,0,27,1
"1208",1,5,1,0,0,1,NA,1,6,NA,0,73,0
"1209",1,5,1,1,0,0,NA,0,5,6,1,43,0
"1210",1,5,0,1,0,0,0,0,4,4,0,NA,0
"1211",1,5,NA,NA,NA,NA,NA,NA,6,5,0,38,0
"1212",1,6,1,1,1,1,NA,NA,6,NA,1,52,1
"1213",1,6,1,1,1,1,1,1,6,5,1,56,1
"1214",1,6,1,0,0,0,0,0,5,2,0,52,0
"1215",1,6,1,1,0,0,1,0,6,5,0,31,0
"1216",1,6,1,1,1,0,1,0,5,5,1,44,0
"1217",1,3,NA,0,NA,1,0,1,3,4,1,51,0
"1218",0,1,0,0,0,1,0,NA,6,5,1,63,0
"1219",0,1,1,1,1,1,1,NA,6,4,1,49,0
"1220",0,2,NA,1,0,0,1,0,3,4,1,NA,1
"1221",0,2,0,1,0,0,NA,0,3,5,1,44,1
"1222",0,3,0,1,0,0,NA,0,NA,6,1,37,1
"1223",0,5,0,0,0,0,0,1,2,5,1,28,0
"1224",0,6,1,1,1,0,1,0,6,5,1,47,0
"1225",0,1,1,1,1,0,1,0,6,4,1,25,0
"1226",0,1,1,1,0,0,NA,0,5.5,5,1,38,0
"1227",0,1,1,0,0,1,NA,1,5,NA,1,61,0
"1228",0,1,1,1,0,0,1,0,6,1,1,48,1
"1229",0,1,0,1,0,0,NA,0,2,6,1,48,1
"1230",0,2,1,1,1,NA,1,0,6,4,1,33,1
"1231",0,2,1,0,0,0,1,NA,7,4,1,52,0
"1232",0,2,1,1,0,NA,NA,NA,NA,1,1,42,1
"1233",0,2,1,1,0,0,1,0,4,3,1,28,0
"1234",0,2,0,1,1,0,1,0,3,NA,1,77,0
"1235",0,2,1,0,1,1,1,1,7,1,1,72,1
"1236",0,3,NA,NA,0,NA,0,NA,3,5,1,32,0
"1237",0,3,1,1,1,1,0,1,6,2,1,NA,0
"1238",0,3,NA,NA,NA,NA,NA,NA,4,2,0,65,NA
"1239",0,3,1,1,1,1,0,1,7,2,1,25,0
"1240",0,3,1,1,1,1,0,NA,5,2,1,60,0
"1241",0,3,1,1,0,0,0,1,NA,2,1,64,1
"1242",0,3,1,0,1,1,0,1,4,2,0,57,1
"1243",0,3,1,1,1,1,0,NA,NA,5,0,38,1
"1244",0,4,NA,0,0,NA,0,NA,6,4,1,52,0
"1245",0,4,1,1,0,0,0,0,7,3,1,31,0
"1246",0,4,1,0,1,1,0,1,4,1,0,22,0
"1247",0,5,1,1,1,0,1,0,5,6,0,68,1
"1248",0,5,1,1,0,1,1,NA,6,4,1,25,0
"1249",0,5,1,1,1,1,1,1,7,6,1,42,1
"1250",0,5,1,0,0,1,0,0,4,3,0,49,1
"1251",0,5,1,1,0,1,NA,1,7,4,0,61,0
"1252",0,6,1,1,0,0,1,NA,4,3,1,28,1
"1253",0,6,0,1,1,1,NA,NA,4,6,1,36,1
"1254",0,6,1,0,0,0,NA,0,6,6,1,64,1
"1255",0,6,1,0,1,0,0,1,5,1,1,73,0
"1256",0,6,1,0,0,0,0,1,5,5,1,39,0
"1257",0,6,NA,NA,NA,NA,1,0,7,1,1,67,1
"1258",0,3,1,1,0,1,NA,1,NA,NA,0,NA,NA
"1259",0,1,1,1,0,0,0,0,5,5,1,29,1
"1260",0,1,1,0,1,1,1,1,7,4,1,44,0
"1261",0,1,1,1,0,0,1,0,6,5,0,33,1
"1262",0,1,1,1,0,0,NA,0,7,5,1,41,1
"1263",0,1,1,1,0,0,1,NA,5,5,1,27,0
"1264",0,1,1,1,1,1,1,1,4,3,1,69,1
"1265",0,1,1,1,0,0,1,0,3,4,1,79,1
"1266",0,2,1,1,0,1,1,0,3,4,1,35,0
"1267",0,2,1,1,0,1,1,1,6,3,1,25,1
"1268",0,2,1,1,0,0,1,0,6,5,1,32,1
"1269",0,2,1,1,1,1,1,1,7,NA,1,76,0
"1270",0,3,0,1,0,0,NA,0,3,6,1,42,1
"1271",0,3,1,1,0,0,0,0,5,4,0,29,1
"1272",0,3,1,1,1,0,1,0,5,5,1,30,1
"1273",0,3,1,0,0,1,0,1,4,2,1,61,1
"1274",0,3,1,1,0,0,0,0,7,NA,1,62,0
"1275",0,4,1,1,1,1,0,NA,5,5,1,40,0
"1276",0,4,1,1,1,1,NA,1,5,5,1,65,0
"1277",0,4,1,1,1,1,0,0,4,4,1,64,1
"1278",0,4,1,1,1,1,0,1,6,3,1,70,1
"1279",0,5,1,1,1,1,NA,NA,6,1,1,33,1
"1280",0,5,1,1,1,1,1,NA,6,2,1,30,0
"1281",0,5,0,1,1,0,1,0,4,4,0,27,0
"1282",0,5,0,1,0,0,NA,0,NA,NA,0,NA,NA
"1283",0,5,1,1,1,1,1,1,6,5,1,62,0
"1284",0,6,0,1,0,0,0,0,1,2,1,58,1
"1285",0,6,1,1,1,1,1,1,5,6,0,64,0
"1286",0,6,1,0,1,1,1,1,7,NA,0,NA,NA
"1287",0,6,1,1,1,1,1,1,6,3,1,72,1
"1288",0,6,1,1,1,NA,NA,NA,NA,NA,0,NA,NA
"1289",0,6,1,1,0,0,1,0,4,4,1,57,1
"1290",0,1,1,1,1,0,1,0,4,5,1,34,1
"1291",0,1,1,1,0,0,NA,NA,5,NA,1,NA,0
"1292",0,1,1,1,1,1,NA,NA,6,3,1,33,1
"1293",0,1,1,1,1,1,1,NA,6,NA,0,38,1
"1294",0,1,0,1,0,0,NA,0,3,6,0,49,1
"1295",0,1,1,1,1,0,NA,0,5,4,1,51,0
"1296",0,1,0,0,0,0,NA,0,5,5,1,50,1
"1297",0,1,1,1,0,0,NA,NA,6,4,1,77,0
"1298",0,1,1,1,1,0,1,1,4,4,0,47,0
"1299",0,1,0,1,0,0,NA,NA,2,5,1,NA,NA
"1300",0,1,NA,1,0,0,1,0,6,3,0,61,0
"1301",0,1,NA,NA,NA,NA,NA,NA,5,2,1,26,1
"1302",0,2,1,1,1,0,1,0,5,2,1,24,0
"1303",0,2,1,1,0,1,1,1,7,5,0,34,1
"1304",0,2,1,1,1,0,1,0,6,5,1,31,1
"1305",0,2,1,1,1,1,1,1,6,4,1,80,1
"1306",0,2,1,1,1,1,1,1,6,3,0,47,1
"1307",0,2,0,0,1,1,NA,1,6,2,1,71,0
"1308",0,2,1,1,1,1,1,1,7,5,1,51,1
"1309",0,2,1,1,1,1,1,NA,6,5,1,30,1
"1310",0,2,0,0,0,1,NA,NA,3,4,0,31,0
"1311",0,2,0,NA,0,0,NA,0,3,4,0,27,1
"1312",0,2,1,0,0,1,1,0,6,3,1,35,1
"1313",0,3,1,1,0,0,NA,0,6,5,1,32,1
"1314",0,3,1,1,0,0,0,0,5,6,1,39,1
"1315",0,3,1,0,1,1,0,1,4,4,1,NA,0
"1316",0,3,1,1,1,1,0,1,NA,NA,0,NA,1
"1317",0,3,NA,NA,0,NA,NA,NA,NA,NA,0,NA,NA
"1318",0,3,1,1,0,0,0,0,6,5,1,35,0
"1319",0,3,1,1,0,0,0,0,7,6,1,35,1
"1320",0,3,1,1,0,0,1,0,5,3,1,25,1
"1321",0,3,1,1,1,1,NA,1,6,5,1,30,0
"1322",0,3,1,1,0,1,0,1,4,NA,1,65,1
"1323",0,3,1,1,1,1,0,1,5.5,2,1,NA,1
"1324",0,3,1,1,0,0,1,0,4,2,1,53,1
"1325",0,4,1,1,1,1,0,1,4,2,1,30,1
"1326",0,4,1,1,0,0,NA,0,5,6,1,37,0
"1327",0,4,1,1,0,0,0,0,6.5,5,1,32,0
"1328",0,4,0,1,0,0,0,0,5,3,1,58,0
"1329",0,4,NA,NA,NA,NA,NA,NA,5,4,0,51,1
"1330",0,4,1,1,1,1,0,1,6,6,1,36,0
"1331",0,4,1,0,1,1,NA,NA,4.5,3,1,37,1
"1332",0,4,1,1,0,0,NA,NA,5,3,1,66,0
"1333",0,4,0,1,0,0,NA,0,5,6,1,34,0
"1334",0,4,1,1,0,0,0,NA,6,5,1,33,1
"1335",0,4,1,1,0,0,0,0,4,4,1,34,1
"1336",0,4,1,1,1,1,0,1,6,2,0,62,1
"1337",0,5,1,1,1,0,1,0,5,4,1,30,0
"1338",0,5,1,1,0,0,1,0,6,3,0,27,0
"1339",0,5,1,0,1,1,NA,1,6,4,1,47,1
"1340",0,5,1,1,1,1,1,1,6,2,1,34,0
"1341",0,5,1,1,1,1,1,1,5,3,1,60,1
"1342",0,5,1,1,0,1,1,1,6,6,1,39,0
"1343",0,5,1,1,1,NA,NA,NA,NA,NA,0,32,0
"1344",0,5,1,0,0,1,NA,1,6,5,0,48,0
"1345",0,5,1,1,1,1,1,1,6,2,1,50,1
"1346",0,5,1,1,1,1,NA,1,7,2,0,41,0
"1347",0,5,0,0,0,0,0,0,3,4,1,NA,1
"1348",0,5,1,NA,NA,1,NA,0,5.5,6,1,37,0
"1349",0,6,1,1,0,0,NA,0,6,5,1,32,0
"1350",0,6,1,0,0,0,NA,1,5,3,1,69,0
"1351",0,6,1,1,0,0,1,0,6,3,1,28,1
"1352",0,6,1,1,1,NA,NA,NA,7,6,1,46,0
"1353",0,6,1,0,1,1,NA,1,5,4,0,43,0
"1354",0,6,1,0,0,1,0,1,6,NA,0,61,0
"1355",0,6,1,1,1,0,NA,NA,7,5,1,47,0
"1356",0,6,0,1,0,0,NA,NA,4,5,1,44,0
"1357",0,6,1,1,1,1,NA,NA,4,2,1,47,NA
"1358",0,6,1,1,1,1,1,1,6,4,1,52,1
"1359",0,6,1,0,1,1,NA,1,NA,NA,0,NA,NA
"1360",0,1,1,1,1,1,1,1,6,2,1,20,1
"1361",0,1,1,1,1,1,NA,1,6,4,0,54,1
"1362",0,1,1,1,1,1,1,1,6,4,1,71,1
"1363",0,2,1,1,1,1,1,NA,6,2,1,36,1
"1364",0,2,0,0,1,1,1,1,5,1,0,NA,1
"1365",0,2,0,0,0,0,0,0,7,3,0,24,1
"1366",0,2,1,0,1,1,1,NA,7,4,1,40,0
"1367",0,2,0,0,1,0,0,1,7,1,1,64,0
"1368",0,3,1,1,1,1,0,1,7,2,1,33,1
"1369",0,3,1,1,1,1,0,NA,5,4,1,66,0
"1370",0,3,1,1,0,0,0,0,5,1,0,23,1
"1371",0,4,1,1,1,1,0,1,7,2,1,38,0
"1372",0,4,1,0,1,1,0,NA,7,4,0,58,0
"1373",0,4,1,1,1,1,0,1,7,2,1,33,1
"1374",0,5,NA,NA,NA,NA,NA,NA,5,1,0,25,1
"1375",0,5,1,1,1,1,1,1,7,2,1,25,0
"1376",0,5,1,1,1,1,0,1,6,4,0,52,NA
"1377",0,6,1,1,1,1,NA,1,7,2,0,43,0
"1378",0,6,1,1,1,1,1,NA,6,4,1,30,1
"1379",0,6,1,1,1,1,1,1,7,3,1,59,1
"1380",0,6,1,NA,1,1,NA,1,6,NA,1,19,0
"1381",0,1,1,1,1,1,1,1,6,2,1,24,0
"1382",0,1,NA,NA,NA,NA,NA,NA,4,2,1,78,0
"1383",0,1,1,1,1,1,1,1,5,4,1,39,1
"1384",0,2,1,0,0,1,1,1,5,2,1,25,1
"1385",0,2,1,NA,1,1,NA,NA,7,5,1,43,1
"1386",0,2,NA,NA,NA,NA,NA,NA,6,2,1,62,1
"1387",0,3,1,1,0,1,NA,0,7,2,1,30,1
"1388",0,3,0,0,1,1,0,1,6,NA,0,NA,NA
"1389",0,3,NA,NA,0,NA,0,NA,NA,1,1,73,0
"1390",0,3,1,1,0,0,0,NA,6,2,1,27,1
"1391",0,3,1,1,1,0,0,0,4,3,1,28,0
"1392",0,4,1,1,0,0,0,0,4,NA,0,NA,1
"1393",0,4,1,0,1,1,0,1,4,4,1,49,0
"1394",0,4,1,1,1,1,0,1,6,4,0,61,1
"1395",0,4,0,0,0,1,0,1,2,2,0,59,1
"1396",0,4,1,1,1,1,0,1,5,4,0,24,0
"1397",0,5,1,0,1,0,NA,0,3,6,1,56,1
"1398",0,5,1,1,1,0,1,0,6,4,1,47,0
"1399",0,5,NA,NA,NA,NA,NA,NA,7,5,1,49,0
"1400",0,5,1,1,1,0,1,0,6,1,1,24,0
"1401",0,6,1,1,0,1,NA,0,6,3,1,27,0
"1402",0,6,1,0,1,1,NA,1,6,4,0,49,1
"1403",0,6,1,0,1,1,NA,1,6,4,0,NA,NA
"1404",0,6,0,1,0,0,1,0,4,5,0,34,1
"1405",0,6,1,1,1,1,NA,1,4,4,0,NA,0
"1406",0,1,0,0,1,0,1,0,4,2,0,42,1
"1407",0,1,1,0,1,1,1,1,6,4,0,72,0
"1408",0,2,NA,NA,NA,NA,NA,NA,7,1,0,45,0
"1409",0,3,1,1,0,1,0,1,4,1,0,58,0
"1410",0,3,1,1,0,NA,1,0,4,2,0,55,1
"1411",0,4,0,0,1,1,0,NA,6,2,0,61,0
"1412",0,4,1,1,0,1,0,1,6,3,0,28,0
"1413",0,5,1,1,1,1,1,1,3,2,0,47,0
"1414",0,5,NA,NA,NA,NA,NA,NA,NA,NA,0,NA,NA
"1415",0,5,1,0,1,0,NA,NA,NA,3,0,66,1
"1416",0,6,1,1,0,0,1,NA,6,3,0,60,0
"1417",0,1,1,0,0,NA,1,NA,6,4,1,38,0
"1418",0,1,1,0,1,1,1,1,5,5,1,31,0
"1419",0,2,1,1,0,0,1,0,6,1,1,25,0
"1420",0,2,0,1,1,1,0,1,6,4,1,18,1
"1421",0,2,1,0,1,1,NA,1,6,4,1,31,1
"1422",0,2,1,0,0,1,1,1,6,6,1,40,1
"1423",0,2,1,1,1,1,1,NA,7,6,1,41,0
"1424",0,3,1,0,0,0,0,1,5,2,1,63,0
"1425",0,3,0,0,1,1,0,0,6,1,1,71,1
"1426",0,3,1,1,0,0,NA,NA,NA,2,0,26,1
"1427",0,3,1,1,0,0,0,1,5,1,0,23,0
"1428",0,3,1,1,1,1,0,1,7,1,0,24,0
"1429",0,4,1,0,0,1,0,1,5,NA,0,NA,NA
"1430",0,4,0,0,1,1,NA,1,5,2,1,65,1
"1431",0,4,1,1,1,NA,1,0,7,2,1,35,0
"1432",0,4,1,1,1,0,NA,0,6,2,1,24,0
"1433",0,5,1,1,NA,1,1,1,7,4,0,42,0
"1434",0,5,0,0,1,1,1,1,5,NA,1,NA,0
"1435",0,5,1,1,0,1,1,1,5.5,3,0,35,0
"1436",0,5,1,1,1,1,NA,1,5,3,0,44,0
"1437",0,6,NA,NA,NA,NA,NA,NA,6,5,1,41,0
"1438",0,6,1,1,1,1,1,1,6,4,0,34,0
"1439",0,6,NA,NA,1,NA,NA,NA,NA,NA,0,NA,NA
"1440",0,1,1,1,0,1,1,1,5,4,1,34,1
"1441",0,1,1,1,1,1,1,1,6,4,1,49,1
"1442",0,1,1,1,1,1,1,1,6,4,0,40,0
"1443",0,1,1,1,0,0,1,1,6,4,1,26,1
"1444",0,1,1,1,1,1,1,1,7,5,0,32,1
"1445",0,1,1,1,0,1,NA,NA,6,4,0,46,0
"1446",0,2,1,1,0,0,1,0,6,5,1,37,1
"1447",0,2,1,1,1,1,NA,1,6,5,1,30,0
"1448",0,2,1,1,1,1,1,1,6,2,1,58,0
"1449",0,2,1,0,0,0,1,1,6,1,1,37,1
"1450",0,2,1,1,1,1,1,1,6,2,1,72,1
"1451",0,3,1,1,0,0,1,0,6,2,0,NA,1
"1452",0,3,1,1,1,1,0,NA,6,4,0,42,0
"1453",0,3,1,1,1,0,NA,0,5,1,1,45,1
"1454",0,3,1,1,1,1,0,1,7,2,1,26,0
"1455",0,3,1,1,1,0,1,0,2,2,0,74,1
"1456",0,3,1,1,1,0,0,0,6,3,0,NA,1
"1457",0,3,1,1,0,0,0,NA,6,4,0,41,0
"1458",0,3,1,1,1,0,1,0,4,5,1,46,0
"1459",0,3,1,1,1,1,NA,NA,5,3,0,38,0
"1460",0,4,1,1,1,1,0,0,4,2,1,34,1
"1461",0,4,1,1,0,1,0,1,6,2,1,39,0
"1462",0,4,1,1,0,0,1,0,5,2,1,33,0
"1463",0,4,1,1,0,0,0,0,5,5,1,28,1
"1464",0,4,1,1,0,0,0,0,5,4,1,24,1
"1465",0,4,1,1,1,1,0,1,4,4,1,31,0
"1466",0,4,1,1,1,1,0,1,7,4,0,32,1
"1467",0,4,1,1,0,1,0,1,6,2,1,70,0
"1468",0,4,1,0,1,NA,0,NA,NA,NA,0,NA,NA
"1469",0,5,1,1,0,1,NA,1,5,5,0,53,1
"1470",0,5,1,1,1,1,NA,NA,7,5,1,36,1
"1471",0,5,NA,0,0,NA,NA,NA,5,NA,0,24,0
"1472",0,5,0,0,0,NA,NA,0,NA,5,0,33,1
"1473",0,6,1,1,0,1,NA,NA,6,3,0,25,0
"1474",0,6,1,1,1,1,1,1,5,5,0,44,1
"1475",0,6,1,1,1,1,NA,1,6,2,1,53,0
"1476",0,6,0,0,0,1,NA,NA,6,4,1,38,0
"1477",0,1,1,1,0,0,0,0,5,3,1,35,1
"1478",0,1,1,1,1,1,1,1,5,3,1,30,1
"1479",0,2,1,1,1,1,1,1,7,4,1,44,0
"1480",0,2,1,1,0,0,NA,NA,6,3,1,45,0
"1481",0,2,NA,NA,NA,NA,NA,NA,7,5,0,74,1
"1482",0,3,1,1,1,0,0,NA,6,5,1,30,1
"1483",0,4,0,0,1,0,0,0,3,4,1,27,1
"1484",0,4,1,0,0,0,0,0,6,6,1,63,1
"1485",0,4,NA,NA,NA,NA,NA,NA,4,2,1,32,1
"1486",0,5,1,1,1,1,NA,1,7,4,0,32,1
"1487",0,5,0,0,1,0,0,NA,6,2,0,31,0
"1488",0,5,1,0,0,0,1,NA,4,5,0,46,0
"1489",0,6,1,1,1,1,1,1,7,6,1,31,0
"1490",0,6,1,1,0,1,0,1,4,5,0,52,0
"1491",0,6,1,1,1,0,1,0,6,5,1,29,1
"1492",0,2,1,1,0,0,1,0,6,6,1,35,1
"1493",0,4,0,1,0,0,0,0,5,4,1,54,1
"1494",0,4,1,1,1,1,NA,NA,3,2,0,70,NA
"1495",0,4,1,1,1,0,NA,0,5,6,1,30,1
"1496",0,5,1,1,1,1,1,1,5,2,0,23,1
"1497",0,6,1,1,1,1,1,NA,7,2,0,22,1
"1498",0,1,0,0,0,0,NA,0,6,2,1,31,1
"1499",0,1,1,1,0,0,1,0,6,4,1,30,1
"1500",0,1,1,1,1,1,1,1,5,3,0,32,0
"1501",0,1,1,1,1,1,1,1,7,1,1,22,1
"1502",0,1,1,1,0,1,1,NA,NA,2,0,52,NA
"1503",0,1,1,0,1,0,1,0,6,3,0,44,0
"1504",0,1,1,1,0,1,1,1,5,1,0,21,1
"1505",0,1,1,0,1,1,1,1,7,2,0,36,1
"1506",0,1,1,1,0,0,NA,0,4,6,1,33,0
"1507",0,1,1,0,1,1,NA,1,NA,NA,0,NA,NA
"1508",0,1,1,0,1,0,1,1,6,4,1,28,1
"1509",0,1,1,1,0,1,1,1,5,1,1,41,0
"1510",0,1,1,1,0,0,1,1,6,2,1,29,1
"1511",0,1,1,1,0,0,NA,0,4,5,1,25,1
"1512",0,1,1,1,1,1,1,1,4,1,0,54,0
"1513",0,1,NA,NA,NA,NA,NA,NA,5,3,1,53,1
"1514",0,1,1,1,1,0,0,NA,5,5,0,32,1
"1515",0,1,1,1,1,1,1,NA,7,3,0,36,NA
"1516",0,1,1,1,0,1,1,0,6,3,0,36,1
"1517",0,1,1,0,0,0,1,0,6,1,0,71,1
"1518",0,1,1,1,1,1,1,1,5,3,1,35,0
"1519",0,1,1,1,0,1,1,1,7,3,1,36,1
"1520",0,1,1,1,1,1,1,1,6,3,0,31,NA
"1521",0,1,1,1,1,1,1,1,7,4,1,18,1
"1522",0,1,1,0,1,1,NA,1,6,1,1,66,0
"1523",0,1,1,1,1,0,1,0,6,4,1,31,0
"1524",0,2,1,1,1,1,1,1,7,2,0,33,0
"1525",0,2,1,1,0,0,1,0,6,2,0,21,1
"1526",0,2,0,0,1,0,0,1,4,1,0,23,1
"1527",0,2,1,1,1,1,1,NA,6,4,1,55,1
"1528",0,2,1,1,1,1,1,1,5,2,1,34,1
"1529",0,2,1,0,1,1,1,1,6,4,1,34,1
"1530",0,2,1,0,0,0,0,NA,4,3,0,32,1
"1531",0,2,1,1,1,1,1,1,7,3,1,46,1
"1532",0,2,1,1,0,1,1,1,6,3,0,29,1
"1533",0,2,1,NA,1,1,1,1,7,1,0,27,1
"1534",0,2,1,1,1,1,1,1,7,3,1,30,1
"1535",0,2,1,1,1,1,1,1,7,1,0,34,NA
"1536",0,2,1,NA,NA,NA,1,NA,3,2,0,56,0
"1537",0,2,1,1,1,1,1,1,3,NA,1,NA,1
"1538",0,2,1,1,1,1,1,1,6,3,1,35,1
"1539",0,2,1,1,NA,NA,1,NA,5,4,0,51,1
"1540",0,2,0,1,0,0,1,0,6,5,1,46,1
"1541",0,2,1,1,1,1,1,1,6,1,0,31,NA
"1542",0,2,1,1,1,1,1,0,6,4,0,23,1
"1543",0,2,1,1,1,1,1,NA,6,3,0,34,0
"1544",0,2,1,1,1,0,1,0,6,4,1,28,1
"1545",0,2,1,0,1,1,1,1,5,1,1,23,0
"1546",0,2,1,0,1,1,1,1,7,2,0,30,1
"1547",0,2,0,1,1,0,NA,0,4,5,0,51,1
"1548",0,2,1,1,1,1,1,1,6,2,1,29,1
"1549",0,2,0,1,0,0,NA,0,6,3,1,32,1
"1550",0,2,1,1,1,1,1,0,4,1,0,28,0
"1551",0,2,1,1,0,0,1,0,5,4,0,31,1
"1552",0,2,1,1,1,1,1,1,6,2,0,24,0
"1553",0,2,1,1,1,1,1,1,5,2,1,25,1
"1554",0,2,1,1,1,1,NA,1,4,3,0,33,1
"1555",0,3,1,1,0,0,0,0,4,3,1,26,0
"1556",0,3,1,1,0,0,0,0,6,5,1,34,0
"1557",0,3,1,1,1,1,0,NA,NA,NA,0,NA,NA
"1558",0,3,1,1,1,0,0,1,5,4,1,29,0
"1559",0,3,1,1,0,0,NA,NA,NA,NA,0,35,0
"1560",0,3,1,1,1,1,0,1,NA,1,0,63,0
"1561",0,3,1,1,1,1,0,1,7,2,1,39,0
"1562",0,3,1,0,0,1,0,1,6,3,1,57,1
"1563",0,3,1,1,0,0,0,0,6,4,1,35,0
"1564",0,3,1,0,NA,1,1,1,6,4,0,35,0
"1565",0,3,1,0,NA,1,NA,NA,6,1,0,35,NA
"1566",0,3,1,1,1,1,0,1,6,2,1,30,0
"1567",0,3,1,0,1,0,0,1,4.5,2,0,48,1
"1568",0,3,1,1,1,1,NA,1,6,2,1,24,0
"1569",0,3,0,0,1,0,0,0,7,3,0,43,0
"1570",0,3,0,1,0,0,NA,0,4,1,1,60,0
"1571",0,3,0,0,1,1,1,1,4,5,1,50,1
"1572",0,3,1,1,0,1,0,1,5.5,4,0,41,0
"1573",0,3,0,1,0,0,0,0,7,2,1,33,1
"1574",0,3,1,1,0,0,NA,0,6,4,1,27,1
"1575",0,3,0,0,1,1,0,1,7,1,0,36,0
"1576",0,3,1,1,0,1,0,1,4,2,0,28,1
"1577",0,3,1,1,0,0,NA,NA,5,5,1,28,1
"1578",0,3,1,0,1,1,0,1,6,1,0,54,0
"1579",0,3,1,1,1,1,NA,1,6,5,0,22,1
"1580",0,3,1,1,1,1,1,1,5,3,1,47,1
"1581",0,4,1,1,1,1,0,NA,6,2,0,27,1
"1582",0,4,1,1,1,1,0,1,7,3,0,33,0
"1583",0,4,1,1,1,1,0,1,7,3,0,31,1
"1584",0,4,1,1,0,0,NA,0,4,5,1,44,0
"1585",0,4,1,1,1,1,0,1,5,2,0,46,1
"1586",0,4,NA,NA,1,1,NA,1,6,1,0,56,1
"1587",0,4,1,1,1,1,0,1,7,2,0,28,1
"1588",0,4,NA,NA,NA,NA,NA,NA,6,3,0,45,1
"1589",0,4,1,1,1,1,0,1,7,3,0,36,0
"1590",0,4,1,1,0,1,0,1,7,2,0,41,1
"1591",0,4,NA,NA,NA,NA,NA,NA,6,3,1,47,1
"1592",0,4,NA,NA,NA,NA,NA,NA,7,1,0,23,0
"1593",0,4,NA,1,1,1,0,1,4,2,0,28,1
"1594",0,4,1,1,1,1,0,1,7,2,0,52,1
"1595",0,4,1,1,1,1,NA,1,NA,2,0,30,0
"1596",0,4,1,1,1,1,0,1,7,2,0,34,1
"1597",0,4,1,1,1,1,0,1,6,2,0,30,1
"1598",0,4,1,0,1,1,0,1,6,1,0,22,0
"1599",0,4,0,0,1,0,0,0,4,1,0,NA,0
"1600",0,4,0,0,1,1,0,1,6,1,1,53,1
"1601",0,4,1,0,1,1,0,1,6,NA,0,47,0
"1602",0,4,NA,1,0,0,1,0,5,5,1,30,1
"1603",0,4,1,1,1,0,1,0,6,4,1,26,0
"1604",0,4,1,1,1,1,0,1,7,2,1,24,1
"1605",0,4,1,1,1,1,0,1,6,3,0,26,1
"1606",0,5,1,1,0,1,0,NA,4,4,0,69,1
"1607",0,5,1,1,0,0,1,0,6,3,1,42,1
"1608",0,5,1,1,0,1,1,1,5,4,1,32,0
"1609",0,5,0,1,0,0,1,0,3,6,0,36,1
"1610",0,5,1,1,0,0,1,0,5,3,0,64,0
"1611",0,5,1,1,1,1,NA,NA,5,5,0,33,1
"1612",0,5,NA,NA,NA,NA,NA,NA,7,2,0,54,0
"1613",0,5,1,1,1,0,1,1,7,1,0,36,0
"1614",0,5,1,1,0,0,1,0,5,5,1,34,1
"1615",0,5,1,1,1,1,1,1,6,3,0,31,1
"1616",0,5,1,1,0,0,1,0,7,5,0,40,1
"1617",0,5,1,1,1,1,NA,1,5,3,1,NA,0
"1618",0,5,1,0,0,1,NA,NA,6,4,1,33,1
"1619",0,5,1,1,1,1,NA,1,6,5,1,NA,0
"1620",0,5,1,1,1,1,1,1,4,1,0,41,0
"1621",0,5,NA,NA,NA,NA,NA,NA,NA,3,0,NA,0
"1622",0,5,1,1,0,1,NA,0,5,4,1,32,0
"1623",0,5,1,1,0,0,NA,NA,4,1,0,58,1
"1624",0,5,1,1,0,0,1,0,7,4,1,32,1
"1625",0,5,1,1,1,1,NA,1,7,2,1,34,1
"1626",0,5,1,0,1,1,0,1,4,4,1,39,1
"1627",0,5,NA,NA,1,NA,NA,NA,NA,NA,0,34,1
"1628",0,5,NA,NA,NA,NA,NA,NA,4,1,0,26,1
"1629",0,5,1,0,1,0,NA,0,6,6,1,35,0
"1630",0,5,NA,NA,NA,NA,NA,NA,6,2,1,NA,1
"1631",0,5,1,1,1,1,NA,1,6,1,0,19,1
"1632",0,5,NA,NA,0,NA,1,NA,5,NA,0,27,1
"1633",0,5,1,0,0,1,1,1,7,1,0,62,1
"1634",0,6,1,1,0,0,1,0,6,3,1,23,1
"1635",0,6,0,1,1,0,1,0,5,3,1,27,1
"1636",0,6,1,0,1,1,1,1,6,3,1,34,0
"1637",0,6,1,1,1,1,1,1,4,1,0,NA,1
"1638",0,6,1,0,1,1,0,1,7,1,0,28,1
"1639",0,6,1,0,1,1,0,1,6,2,0,34,1
"1640",0,6,1,1,0,1,1,1,6,5,1,25,0
"1641",0,6,1,0,1,1,1,1,5,2,1,NA,0
"1642",0,6,1,1,1,1,NA,1,5,2,0,29,0
"1643",0,6,1,1,1,1,NA,1,7,3,0,53,0
"1644",0,6,1,1,1,1,1,1,6,5,1,48,1
"1645",0,6,1,1,0,1,1,0,6,3,1,23,0
"1646",0,6,1,1,1,0,1,1,5,4,1,29,1
"1647",0,6,0,1,0,1,1,1,6,4,1,28,1
"1648",0,6,1,1,1,1,NA,1,7,2,0,33,NA
"1649",0,6,1,0,0,0,1,1,6,3,1,46,1
"1650",0,6,1,1,1,NA,1,NA,7,1,0,62,1
"1651",0,6,1,1,0,1,NA,1,2,1,0,58,0
"1652",0,6,0,1,0,0,1,0,1,4,1,23,NA
"1653",0,6,1,NA,0,1,NA,1,NA,NA,0,NA,0
"1654",0,6,1,1,0,0,1,0,4,4,1,45,1
"1655",0,6,1,1,1,1,NA,1,NA,3,0,42,NA
"1656",0,6,1,1,1,1,1,1,6,1,1,35,1
"1657",0,6,1,0,1,0,NA,1,7,1,0,45,1
"1658",0,6,1,1,1,0,NA,0,4,4,0,22,0
"1659",0,6,1,1,1,1,1,0,7,2,0,29,1
"1660",0,6,1,1,0,0,1,0,7,6,1,52,1
